source,recipe,static_score,model_family,model_variant,weights,out_dir,initial_val,final_val,best_val,delta,train_loss,promoted_or_closed
sama_california_selected_top1024,official_cubic_s05_j0_n0_g003,,hat,l,checkpoints_hat_l_official_cont_lr3e6_from_ep4_p48_avg/best_x2.pth,checkpoints_hat_l_sama_california_selected_top1024_cubic05_g003_probe_p48_avg,43.082370097652834,43.02129526843101,43.082370097652834,-0.06107482922182328,0.010641731264286136,closed
sama_california_selected_top1024,official_cubic_s05_j01_n0_g0,,hat,l,checkpoints_hat_l_official_cont_lr3e6_from_ep4_p48_avg/best_x2.pth,checkpoints_hat_l_sama_california_selected_top1024_cubic05_sj01_probe_p48_avg,43.082185970370716,42.99997345451164,43.082185970370716,-0.08221251585907652,0.008740718638136968,closed
jod_cam_front_selected_top1024,official_area_s05_j01_n025_g003,0.42979383558288387,hat,l,checkpoints_hat_l_official_cont_lr3e6_from_ep4_p48_avg/best_x2.pth,checkpoints_hat_l_jod_cam_front_selected_top1024_area05_sj01_n025_g003_probe_p48_avg,43.082185970370716,43.076874797783724,43.082185970370716,-0.005311172586992541,0.018055277786515944,closed
jod_cam_front_selected_top1024,official_area_s065_j01_n025_g003,0.43118477428222535,hat,l,checkpoints_hat_l_official_cont_lr3e6_from_ep4_p48_avg/best_x2.pth,checkpoints_hat_l_jod_cam_front_selected_top1024_area065_sj01_n025_g003_probe_p48_avg,43.0821859706734,43.03490904546806,43.0821859706734,-0.047276925205338216,0.0182600957584782,closed
a2d2_preview_frontcenter_selected_top140,official_cubic_s05_j01_n0_g0,0.43983628210569825,hat,l,checkpoints_hat_l_official_cont_lr3e6_from_ep4_p48_avg/best_x2.pth,checkpoints_hat_l_a2d2_preview_frontcenter_selected_top140_cubic05_sj01_probe_p48_avg,43.082185970370716,42.975195244495154,43.082185970370716,-0.10699072587556202,0.016109587463233765,closed
argoverse2_frontcenter_pilot320_selected_top320,official_cubic_s05_j01_n0_g0,0.3397794300524435,hat,l,checkpoints_hat_l_official_cont_lr3e6_from_ep4_p48_avg/best_x2.pth,checkpoints_hat_l_argoverse2_frontcenter_pilot320_selected_top320_cubic05_sj01_probe_p48_avg,43.082182210954194,43.034832687561625,43.082182210954194,-0.047349523392568926,0.012118358553834696,closed
argoverse2_frontcenter_pilot320_selected_top320,official_cubic_s05_j0_n0_g003,0.34201804638056815,hat,l,checkpoints_hat_l_official_cont_lr3e6_from_ep4_p48_avg/best_x2.pth,checkpoints_hat_l_argoverse2_frontcenter_pilot320_selected_top320_cubic05_g003_probe_p48_avg,43.08261156463346,43.02668891156541,43.08261156463346,-0.055922653068051886,0.01346068343832485,closed
official_train,official_only_micro_initgate_redo,,pft,pft,external_models/PFT-SR/experiments/pretrained_models/001_PFT_SRx2_scratch.pth,checkpoints_pft_official_probe_p48_avg,42.53617466424899,42.53617466424899,42.53617466424899,0.0,,closed
official_train,official_only_p96_lr3e7_limit512,,hat,l,checkpoints_hat_l_official_cont_lr3e6_from_ep4_p48_avg/best_x2.pth,checkpoints_hat_l_official_probe_lr3e7_p96_limit512_avg,43.0821859706734,43.09006187044212,43.09006187044212,0.007875899768720274,0.011894012953689526,archived
official_train,official_only_p96_cont_limit1024_lr2e7,,hat,l,checkpoints_hat_l_official_probe_lr3e7_p96_limit512_avg/best_x2.pth,checkpoints_hat_l_official_p96_cont_limit1024_lr2e7_avg,43.09006187002302,43.09124117782406,43.09124117782406,0.001179307801038476,0.012320905484557443,archived
native_io_hatbest,hat_l_native_io_official_probe40_limit512_p96_lr2e7_e1,,hat,l,checkpoints_hat_l_official_p96_cont_limit1680_lr15e7_full120clean_avg/best_x2.pth,checkpoints_hat_l_nativeio_official_probe40_limit512_p96_lr2e7_e1_avg,43.08024626631623,43.09142015053992,43.09142015053992,0.01117388422368748,0.012091276186765754,archived
native_io_clean,hat_l_native_io_official_full120clean_limit1024_p96_lr2e7_e1,,hat,l,checkpoints_hat_l_official_p96_cont_limit1680_lr15e7_full120clean_avg/best_x2.pth,checkpoints_hat_l_nativeio_official_cont_limit1024_lr2e7_full120clean_avg,41.62143473185791,41.62969183231542,41.62969183231542,0.008257100457512934,0.01220134089635394,closed
native_io_clean,hat_l_native_io_official_full120clean_limit1680_p96_lr15e7_e1,,hat,l,checkpoints_hat_l_nativeio_official_cont_limit1024_lr2e7_full120clean_avg/best_x2.pth,checkpoints_hat_l_nativeio_official_cont_limit1680_lr15e7_full120clean_avg,41.62968725725148,41.63415560599192,41.63415560599192,0.004468348740438444,0.012216711578921171,archived
native_io_clean,hat_l_native_io_official_full120clean_limit1680_p96_lr8e8_e1,,hat,l,checkpoints_hat_l_nativeio_official_cont_limit1680_lr15e7_full120clean_avg/best_x2.pth,checkpoints_hat_l_nativeio_official_cont_limit1680_lr8e8_full120clean_avg,41.634160147840625,41.635262772570364,41.635262772570364,0.001102624729739432,0.012209627328653975,archived
native_io_trainall,hat_l_native_io_official_trainall1800_p96_lr8e8_e1,,hat,l,checkpoints_hat_l_nativeio_official_cont_limit1680_lr8e8_full120clean_avg/best_x2.pth,checkpoints_hat_l_nativeio_official_trainall1800_lr8e8_p96_avg,41.635262772570364,41.63591302125074,41.63591302125074,0.000650248680372556,0.011900374874563163,archived
public_weight_eval,dat_x2_hf_stage_a_smoke4_lpips,,dat,dat,external_models/DAT_weights/DAT_x2.safetensors,experiments/router_metrics_20260510/dat_x2_hf_smoke4.csv,44.52328,44.52328,44.52328,0.0,,closed
public_weight_eval,onnx_hat_srx2_stage_a_smoke4_lpips,,onnx,hat_s,external_models/ONNX_weights/HAT-SRx2/hat_srx2.onnx,experiments/router_metrics_20260510/onnx_hat_srx2_smoke4.csv,44.76882,44.76882,44.76882,0.0,,closed
public_weight_eval,openmodeldb_2x_parimgcompact_stage_a_smoke4_lpips,,compact,compact,external_models/OpenModelDB_weights/2x-ParimgCompact.pth,experiments/router_metrics_20260510/openmodeldb_2x_parimgcompact_smoke4.csv,36.12010,36.12010,36.12010,0.0,,closed
public_weight_eval,openmodeldb_2x_liveactionv1_span_stage_a_smoke4_lpips,,span,span,external_models/OpenModelDB_weights/2xLiveActionV1_SPAN_490000.pth,experiments/router_metrics_20260510/openmodeldb_2x_liveactionv1_span_smoke4.csv,40.13261,40.13261,40.13261,0.0,,closed
public_weight_eval,openmodeldb_2x_starsample_v2_hq_stage_a_smoke4_lpips,,hat,hat,external_models/OpenModelDB_weights/2x_StarSample_V2.0_HQ.safetensors,experiments/router_metrics_20260510/openmodeldb_2x_starsample_v2_hq_smoke4.csv,40.36013,40.36013,40.36013,0.0,,closed
public_weight_eval,openmodeldb_2x_compact_pretrain_stage_a_smoke4_lpips,,compact,compact,external_models/OpenModelDB_weights/CompactPretrain/2x-Compact-Pretrain.pth,experiments/router_metrics_20260510/openmodeldb_2x_compact_pretrain_smoke4.csv,40.85981,40.85981,40.85981,0.0,,closed
public_weight_eval,openmodeldb_2x_ultracompact_pretrain_stage_a_smoke4_lpips,,compact,compact,external_models/OpenModelDB_weights/CompactPretrain/2x-UltraCompact-Pretrain.pth,experiments/router_metrics_20260510/openmodeldb_2x_ultracompact_pretrain_smoke4.csv,40.46720,40.46720,40.46720,0.0,,closed
public_weight_eval,openmodeldb_2x_superultracompact_pretrain_stage_a_smoke4_lpips,,compact,compact,external_models/OpenModelDB_weights/CompactPretrain/2x-SuperUltraCompact-Pretrain.pth,experiments/router_metrics_20260510/openmodeldb_2x_superultracompact_pretrain_smoke4.csv,38.21594,38.21594,38.21594,0.0,,closed
public_weight_eval,openmodeldb_swinir_classical_df2k_stage_a_smoke4_lpips,,swinir,medium,external_models/OpenModelDB_weights/SwinIR/001_classicalSR_DF2K_s64w8_SwinIR-M_x2.pth,experiments/router_metrics_20260510/openmodeldb_swinir_classical_df2k_smoke4.csv,44.48555,44.48555,44.48555,0.0,,closed
public_weight_eval,openmodeldb_swinir_classical_div2k_stage_a_smoke4_lpips,,swinir,medium,external_models/OpenModelDB_weights/SwinIR/001_classicalSR_DIV2K_s48w8_SwinIR-M_x2.pth,experiments/router_metrics_20260510/openmodeldb_swinir_classical_div2k_smoke4.csv,44.10949,44.10949,44.10949,0.0,,closed
public_weight_eval,openmodeldb_swinir_lightweight_div2k_stage_a_smoke4_lpips,,swinir,lightweight,external_models/OpenModelDB_weights/SwinIR/002_lightweightSR_DIV2K_s64w8_SwinIR-S_x2.pth,experiments/router_metrics_20260510/openmodeldb_swinir_lightweight_div2k_smoke4.csv,43.96717,43.96717,43.96717,0.0,,closed
public_weight_eval,openmodeldb_srformerlight_div2k_stage_a_smoke4_lpips,,srformer,light,external_models/OpenModelDB_weights/SRFormerLight/SRFormerLight_SRx2_DIV2K.pth,experiments/router_metrics_20260510/openmodeldb_srformerlight_div2k_smoke4.csv,43.95802,43.95802,43.95802,0.0,,closed
public_weight_eval,openmodeldb_2x_aomr_mosr_stage_a_smoke4_lpips,,mosr,mosr,external_models/OpenModelDB_weights/2xAoMR_mosr.pth,experiments/router_metrics_20260510/openmodeldb_2x_aomr_mosr_smoke4.csv,38.48932,38.48932,38.48932,0.0,,closed
public_weight_eval,openmodeldb_2x_text2hd_realplksr_stage_a_smoke4_lpips,,plksr,realplksr,external_models/OpenModelDB_weights/2x_Text2HD_v1_RealPLKSR.pth,experiments/router_metrics_20260510/openmodeldb_2x_text2hd_realplksr_smoke4.csv,35.50631,35.50631,35.50631,0.0,,closed
public_weight_eval,openmodeldb_2x_vhs2hd_realplksr_stage_a_smoke4_lpips,,plksr,realplksr,external_models/OpenModelDB_weights/2xVHS2HD_RealPLKSR.pth,experiments/router_metrics_20260510/openmodeldb_2x_vhs2hd_realplksr_smoke4.csv,33.22828,33.22828,33.22828,0.0,,closed
public_weight_eval,openmodeldb_2x_aniscale2_ditn_stage_a_smoke4_lpips,,ditn,ditn,external_models/OpenModelDB_weights/2x_AniScale2_DITN_i16_75K.pth,experiments/router_metrics_20260510/openmodeldb_2x_aniscale2_ditn_smoke4.csv,17.75179,17.75179,17.75179,0.0,,closed
public_weight_eval,openmodeldb_realesrgan_x2plus_stage_a_smoke4_lpips,,esrgan,realesrgan,external_models/OpenModelDB_weights/RealESRGAN_x2plus.pth,experiments/router_metrics_20260510/openmodeldb_realesrgan_x2plus_smoke4.csv,36.94307,36.94307,36.94307,0.0,,closed
public_weight_eval,openmodeldb_bsrganx2_stage_a_smoke4_lpips,,esrgan,bsrgan,external_models/OpenModelDB_weights/BSRGANx2.pth,experiments/router_metrics_20260510/openmodeldb_bsrganx2_smoke4.csv,38.46127,38.46127,38.46127,0.0,,closed
public_weight_eval,openmodeldb_2x_spanx2_ch48_stage_a_smoke4_lpips,,span,pretrain,external_models/OpenModelDB_weights/2x-spanx2-ch48.pth,experiments/router_metrics_20260510/openmodeldb_2x_spanx2_ch48_smoke4.csv,43.75943,43.75943,43.75943,0.0,,closed
public_weight_eval,openmodeldb_realesrganv2_animevideo_xsx2_stage_a_smoke4_lpips,,compact,realesrganv2,external_models/OpenModelDB_weights/RealESRGANv2-animevideo-xsx2.pth,experiments/router_metrics_20260510/openmodeldb_realesrganv2_animevideo_xsx2_smoke4.csv,34.98867,34.98867,34.98867,0.0,,closed
public_weight_eval,hf_xenova_swin2sr_classical_x2_onnx_stage_a_smoke4_lpips,,onnx,swin2sr,external_models/HF_weights/Xenova_swin2sr_classical_x2/model.onnx,experiments/router_metrics_20260510/hf_xenova_swin2sr_classical_x2_onnx_smoke4.csv,44.41876,44.41876,44.41876,0.0,,closed
public_weight_eval,hf_xenova_swin2sr_lightweight_x2_onnx_stage_a_smoke4_lpips,,onnx,swin2sr_lightweight,external_models/HF_weights/Xenova_swin2sr_lightweight_x2/model.onnx,experiments/router_metrics_20260510/hf_xenova_swin2sr_lightweight_x2_onnx_smoke4.csv,44.13388,44.13388,44.13388,0.0,,closed
public_weight_eval,hf_thalisai_swin2sr_custom_x2_stage_a_smoke4_lpips,,swin2sr,custom,external_models/HF_weights/ThalisAI_swin2sr_upscaler_custom/swin2sr-custom-x2.safetensors,experiments/router_metrics_20260510/hf_thalisai_swin2sr_custom_x2_smoke4.csv,42.96835,42.96835,42.96835,0.0,,closed
public_weight_eval,hf_thalisai_swin2sr_div2k_x2_stage_a_smoke4_lpips,,swin2sr,div2k,external_models/HF_weights/ThalisAI_swin2sr_upscaler_custom/swin2sr-div2k-x2.safetensors,experiments/router_metrics_20260510/hf_thalisai_swin2sr_div2k_x2_smoke4.csv,43.16362,43.16362,43.16362,0.0,,closed
public_weight_eval,hf_amd_rcan_int8_nhwc_stage_a_smoke4_lpips,,onnx,rcan_int8,external_models/HF_weights/amd_rcan_int8_NHWC.onnx,experiments/router_metrics_20260510/hf_amd_rcan_int8_nhwc_smoke4.csv,39.31848,39.31848,39.31848,0.0,,closed
public_weight_eval,hf_amd_sesr_nchw_fp32_255_stage_a_smoke4_lpips,,onnx,sesr_fp32,external_models/HF_weights/amd_sesr_nchw_fp32.onnx,experiments/router_metrics_20260510/hf_amd_sesr_nchw_fp32_255_smoke4.csv,42.37068,42.37068,42.37068,0.0,,closed
legal_postprocess_smoke,hat_lr8e8_blend_cubic002_smoke4_lpips,,hat,l,checkpoints_hat_l_nativeio_official_cont_limit1680_lr8e8_full120clean_avg/best_x2.pth,experiments/router_metrics_20260510/hat_lr8e8_blend_cubic_002_smoke4.csv,45.38694,45.39291,45.39291,0.00597,,closed
legal_ttt_smoke,hat_ttt_tail2_lr1e6_smoke4_lpips,,hat,l,checkpoints_hat_l_nativeio_official_cont_limit1680_lr8e8_full120clean_avg/best_x2.pth,experiments/router_metrics_20260510/hat_ttt_tail2_lr1e6_smoke4.csv,45.38694,45.38664,45.38694,-0.00030,,closed
legal_ttt_smoke,hat_ttt_tail4_lr5e7_smoke4_lpips,,hat,l,checkpoints_hat_l_nativeio_official_cont_limit1680_lr8e8_full120clean_avg/best_x2.pth,experiments/router_metrics_20260510/hat_ttt_tail4_lr5e7_smoke4.csv,45.38694,45.38663,45.38694,-0.00031,,closed
legal_ttt_smoke,hat_ttt_last4_lr1e6_smoke4_lpips,,hat,l,checkpoints_hat_l_nativeio_official_cont_limit1680_lr8e8_full120clean_avg/best_x2.pth,experiments/router_metrics_20260510/hat_ttt_last4_lr1e6_smoke4.csv,45.38694,45.38706,45.38706,0.00012,,closed
legal_ttt_smoke,hat_ttt_tail4_lr1e6_blend002_smoke4_lpips,,hat,l,checkpoints_hat_l_nativeio_official_cont_limit1680_lr8e8_full120clean_avg/best_x2.pth,experiments/router_metrics_20260510/hat_ttt_tail4_lr1e6_blend002_smoke4.csv,45.38694,45.39207,45.39207,0.00513,,closed
legal_tta_full120,hat_clean_tta_blend002_cubic_full120_lpips,,hat,l,checkpoints_hat_l_nativeio_official_cont_limit1680_lr8e8_full120clean_avg/best_x2.pth,experiments/router_metrics_20260510/hat_clean_tta_blend002_cubic_full120.csv,41.64162,41.72045,41.72045,0.07883,,submitted
legal_tta_post_sweep,hat_clean_tta_cubic_blend0015_full120_lpips,,hat,l,checkpoints_hat_l_nativeio_official_cont_limit1680_lr8e8_full120clean_avg/best_x2.pth,experiments/hat_post_sweep_20260510/clean_lr8e8_tta_full120_summary.csv,41.72045174304193,41.72060484291441,41.72060484291441,0.00015309987248,,archived
legal_tta_ensemble_smoke,hat_clean_nativeio_non_native_tta_ensemble_smoke4_lpips,,hat,l,checkpoints_hat_l_nativeio_official_cont_limit1680_lr8e8_full120clean_avg/best_x2.pth+checkpoints_hat_l_official_p96_cont_limit1680_lr15e7_full120clean_avg/best_x2.pth,experiments/hat_post_sweep_20260510/clean_lr8e8_prev_non_native_tta_ensemble_smoke4_summary.csv,45.49442,45.51113178586343,45.51113178586343,0.01671178586343,,archived
legal_tta_ensemble_full120,hat_clean_nativeio_non_native_tta_ensemble_a065_cubic_b0015_full120_lpips,,hat,l,checkpoints_hat_l_nativeio_official_cont_limit1680_lr8e8_full120clean_avg/best_x2.pth+checkpoints_hat_l_official_p96_cont_limit1680_lr15e7_full120clean_avg/best_x2.pth,experiments/hat_post_sweep_20260510/clean_lr8e8_prev_non_native_tta_ensemble_full120_summary.csv,41.72045174304193,41.72348867711936,41.72348867711936,0.00303693407743,,archived
legal_tta_ensemble_smoke,hat_checkpoint_diversity_best_smoke4_20260511_lpips,,hat,l,checkpoints_hat_l_nativeio_official_cont_limit1680_lr8e8_full120clean_avg/best_x2.pth+checkpoints_hat_l_nativeio_official_cont_limit1024_lr2e7_full120clean_avg/best_x2.pth,experiments/hat_post_sweep_20260511/current_vs_p96_clean1024_tta_ensemble_smoke4_summary.csv,45.51113178586343,45.50985092910724,45.51113178586343,-0.00128085675619,,closed
legal_external_ensemble_smoke,hat_tta_swinir_df2k_external_smoke4_lpips,,hat+swinir,l+swinir,checkpoints_hat_l_nativeio_official_cont_limit1680_lr8e8_full120clean_avg/best_x2.pth+external_models/OpenModelDB_weights/SwinIR/001_classicalSR_DF2K_s64w8_SwinIR-M_x2.pth,experiments/hat_external_ensemble_20260511/hat_tta_swinir_df2k_smoke4_summary.csv,45.49442395949329,45.49536500583987,45.49536500583987,0.00094104634658,,closed
legal_external_ensemble_smoke,hat_tta_onnx_hatsrx2_external_smoke4_lpips,,hat+onnx,l+hatsrx2,checkpoints_hat_l_nativeio_official_cont_limit1680_lr8e8_full120clean_avg/best_x2.pth+external_models/ONNX_weights/HAT-SRx2/hat_srx2.onnx,experiments/hat_external_ensemble_20260511/hat_tta_onnx_hatsrx2_smoke4_summary.csv,45.49442395949329,45.49442395949329,45.49442395949329,0.0,,closed
public_weight_eval,hf_viperyx_rgt_x2_stage_a_smoke4_lpips,,rgt,rgt,external_models/RGT_weights/RGT_x2.pth,experiments/router_metrics_20260511/rgt_x2_hf_smoke4.csv,44.51695,44.51695,44.51695,0.0,,closed
public_weight_eval,hf_viperyx_rgt_s_x2_stage_a_smoke4_lpips,,rgt,s,external_models/RGT_weights/RGT_S_x2.pth,experiments/router_metrics_20260511/rgt_s_x2_hf_smoke4.csv,44.54903,44.54903,44.54903,0.0,,closed
legal_external_ensemble_smoke,hat_tta_rgt_s_external_smoke4_lpips,,hat+rgt,l+s,checkpoints_hat_l_nativeio_official_cont_limit1680_lr8e8_full120clean_avg/best_x2.pth+external_models/RGT_weights/RGT_S_x2.pth,experiments/hat_external_ensemble_20260511/hat_tta_rgt_s_spandrel_smoke4_summary.csv,45.49442395949329,45.49791963649811,45.49791963649811,0.00349567700482,,closed
legal_external_ensemble_smoke,hat_tta_rgt_external_smoke4_lpips,,hat+rgt,l+rgt,checkpoints_hat_l_nativeio_official_cont_limit1680_lr8e8_full120clean_avg/best_x2.pth+external_models/RGT_weights/RGT_x2.pth,experiments/hat_external_ensemble_20260511/hat_tta_rgt_spandrel_smoke4_summary.csv,45.49442395949329,45.49714448041979,45.49714448041979,0.00272052092650,,closed
public_weight_eval,hf_super_image_batch_best_drln_x2_stage_a_smoke4_lpips,,super_image,drln,eugenesiow/drln,experiments/router_metrics_20260511/hf_drln_x2_smoke4.csv,43.78541,43.78541,43.78541,0.0,,closed
legal_input_preprocess_smoke,hat_hat_input_gamma098_smoke4_lpips,,hat,l,checkpoints_hat_l_nativeio_official_cont_limit1680_lr8e8_full120clean_avg/best_x2.pth+checkpoints_hat_l_official_p96_cont_limit1680_lr15e7_full120clean_avg/best_x2.pth,experiments/hat_input_sweep_20260511/gamma098_smoke4_summary.csv,45.51113178586343,42.78587378913683,45.51113178586343,-2.72525799672660,,closed
legal_phase_ensemble_smoke,hat_clean_phase5_smoke4_lpips,,hat,l,checkpoints_hat_l_nativeio_official_cont_limit1680_lr8e8_full120clean_avg/best_x2.pth,experiments/hat_post_sweep_20260511/clean_lr8e8_phase5_smoke4_summary.csv,45.51113178586343,45.37382,45.51113178586343,-0.13731178586343,,closed
public_weight_eval,openmodeldb_extra_lexica_swinir_stage_a_smoke4_lpips,,swinir,lexica,external_models/OpenModelDB_weights/extra_20260511/2x_lexica_swinir.pth,experiments/router_metrics_20260511/openmodeldb_2x_lexica_swinir_smoke4.csv,42.39638,42.39638,42.39638,0.0,,closed
public_weight_eval,openmodeldb_extra_2x_esrgan_pretrain_stage_a_smoke4_lpips,,esrgan,pretrain,external_models/OpenModelDB_weights/extra_20260511/2x_esrgan_pretrain.pth,experiments/router_metrics_20260511/openmodeldb_2x_esrgan_pretrain_smoke4.csv,39.42583,39.42583,39.42583,0.0,,closed
public_weight_eval,openmodeldb_extra_lexica_rrdb_stage_a_smoke4_lpips,,esrgan,lexica_rrdb,external_models/OpenModelDB_weights/extra_20260511/2x_lexica_rrdb.pth,experiments/router_metrics_20260511/openmodeldb_2x_lexica_rrdb_smoke4.csv,41.87707,41.87707,41.87707,0.0,,closed
public_weight_eval,openmodeldb_extra_lexica_rrdb_sharp_stage_a_smoke4_lpips,,esrgan,lexica_rrdb_sharp,external_models/OpenModelDB_weights/extra_20260511/2x_lexica_rrdb_sharp.pth,experiments/router_metrics_20260511/openmodeldb_2x_lexica_rrdb_sharp_smoke4.csv,38.58298,38.58298,38.58298,0.0,,closed
public_weight_eval,craft_x2_official_stage_a_smoke4_lpips,,craft,official,external_models/CRAFT-SR/experiments/pretrained_models/pretrained_models/CRAFT_MODEL_X2.pth,experiments/router_metrics_20260511/craft_x2_official_smoke4.csv,43.88952,43.88952,43.88952,0.0,,closed
public_weight_eval,cat_a2_x2_official_stage_a_smoke4_lpips,,cat,a2,external_models/CAT_weights/CAT_A_2/SR_CAT_A_2_x2.pth,experiments/router_metrics_20260511/cat_a2_x2_official_smoke4_padfix.csv,44.57237,44.57237,44.57237,0.0,,closed
public_weight_eval,cat_a_x2_official_stage_a_smoke4_lpips,,cat,a,external_models/CAT_weights/CAT_A/SR_CAT_A_x2.pth,experiments/router_metrics_20260511/cat_a_x2_official_smoke4_padfix.csv,44.57894,44.57894,44.57894,0.0,,closed
public_weight_eval,cat_r_x2_official_stage_a_smoke4_lpips,,cat,r,external_models/CAT_weights/CAT_R/SR_CAT_R_x2.pth,experiments/router_metrics_20260511/cat_r_x2_official_smoke4.csv,44.50241,44.50241,44.50241,0.0,,closed
public_weight_eval,cat_r2_x2_official_stage_a_smoke4_lpips,,cat,r2,external_models/CAT_weights/CAT_R_2/SR_CAT_R_2_x2.pth,experiments/router_metrics_20260511/cat_r2_x2_official_smoke4.csv,44.50670,44.50670,44.50670,0.0,,closed
legal_external_ensemble_smoke,hat_tta_cat_a_external_smoke4_lpips,,hat+cat,l+a,checkpoints_hat_l_nativeio_official_cont_limit1680_lr8e8_full120clean_avg/best_x2.pth+external_models/CAT_weights/CAT_A/SR_CAT_A_x2.pth,experiments/hat_external_ensemble_20260511/hat_tta_cat_a_smoke4_summary.csv,45.49442395949329,45.50183,45.51113178586343,0.00740604050671,,closed
legal_external_ensemble_smoke,hat_tta_cat_a2_external_smoke4_lpips,,hat+cat,l+a2,checkpoints_hat_l_nativeio_official_cont_limit1680_lr8e8_full120clean_avg/best_x2.pth+external_models/CAT_weights/CAT_A_2/SR_CAT_A_2_x2.pth,experiments/hat_external_ensemble_20260511/hat_tta_cat_a2_smoke4_summary.csv,45.49442395949329,45.49995,45.51113178586343,0.00552604050671,,closed
public_weight_eval,omnisr_df2k_x2_official_stage_a_smoke4_lpips,,omnisr,df2k,external_models/OpenModelDB_weights/omnisr_20260511/OmniSR_DF2K_x2_extracted/OmniSR_X2_DF2K/checkpoints/epoch885_OmniSR.pth,experiments/router_metrics_20260511/omnisr_df2k_x2_official_smoke4.csv,43.72507,43.72507,43.72507,0.0,,closed
public_weight_eval,omnisr_div2k_x2_official_stage_a_smoke4_lpips,,omnisr,div2k,external_models/OpenModelDB_weights/omnisr_20260511/OmniSR_DIV2K_x2_extracted/OmniSR_X2_DIV2K/checkpoints/epoch896_OmniSR.pth,experiments/router_metrics_20260511/omnisr_div2k_x2_official_smoke4.csv,43.60434,43.60434,43.60434,0.0,,closed
public_weight_eval,grl_tiny_x2_official_stage_a_smoke4_lpips,,grl,tiny,external_models/GRL_weights/sr_grl_tiny_c3x2.ckpt,experiments/router_metrics_20260511/grl_tiny_x2_official_smoke4.csv,43.57378,43.57378,43.57378,0.0,,closed
public_weight_eval,grl_small_x2_official_stage_a_smoke4_lpips,,grl,small,external_models/GRL_weights/sr_grl_small_c3x2.ckpt,experiments/router_metrics_20260511/grl_small_x2_official_smoke4.csv,43.88553,43.88553,43.88553,0.0,,closed
public_weight_eval,grl_base_x2_official_stage_a_smoke4_lpips,,grl,base,external_models/GRL_weights/sr_grl_base_c3x2.ckpt,experiments/router_metrics_20260511/grl_base_x2_official_smoke4.csv,44.28306,44.28306,44.28306,0.0,,closed
public_weight_eval,torchsr_ninasr_b2_x2_stage_a_smoke4_lpips,,torchsr,ninasr_b2,torchsr:ninasr_b2,experiments/router_metrics_20260511/torchsr_ninasr_b2_x2_smoke4.csv,43.81458,43.81458,43.81458,0.0,,closed
public_weight_eval,torchsr_rcan_x2_stage_a_smoke4_lpips,,torchsr,rcan,torchsr:rcan,experiments/router_metrics_20260511/torchsr_rcan_x2_smoke4.csv,43.87868,43.87868,43.87868,0.0,,closed
public_weight_eval,torchsr_edsr_x2_stage_a_smoke4_lpips,,torchsr,edsr,torchsr:edsr,experiments/router_metrics_20260511/torchsr_edsr_x2_smoke4.csv,43.87123,43.87123,43.87123,0.0,,closed
public_weight_eval,swinfir_t_x2_official_stage_a_smoke4_lpips,,swinfir,t,external_models/SwinFIR/experiments/pretrained_models/SwinFIR-T_SRx2.pth,experiments/router_metrics_20260511/swinfir_t_x2_official_smoke4.csv,44.17709,44.17709,44.17709,0.0,,closed
public_weight_eval,swinfir_x2_official_stage_a_smoke4_lpips,,swinfir,base,external_models/SwinFIR/experiments/pretrained_models/SwinFIR_SRx2.pth,experiments/router_metrics_20260511/swinfir_x2_official_smoke4.csv,44.72439,44.72439,44.72439,0.0,,closed
public_weight_eval,hatfir_x2_official_stage_a_smoke4_lpips,,swinfir,hatfir,external_models/SwinFIR/experiments/pretrained_models/HATFIR_SRx2.pth,experiments/router_metrics_20260511/hatfir_x2_official_smoke4.csv,44.94415,44.94415,44.94415,0.0,,closed
legal_external_ensemble_smoke,hat_tta_hatfir_external_smoke4_lpips,,hat+hatfir,l+hatfir,checkpoints_hat_l_nativeio_official_cont_limit1680_lr8e8_full120clean_avg/best_x2.pth+external_models/SwinFIR/experiments/pretrained_models/HATFIR_SRx2.pth,experiments/hat_external_ensemble_20260511/hat_tta_hatfir_smoke4_summary.csv,45.49442395949329,45.49817,45.51113178586343,0.00374604050671,,closed
public_weight_eval,man_tiny_x2_official_stage_a_smoke4_lpips,,man,tiny,external_models/MAN_weights/MAN-Tiny-x2.pth,experiments/router_metrics_20260511/man_tiny_x2_official_smoke4.csv,43.64204,43.64204,43.64204,0.0,,closed
public_weight_eval,man_light_x2_official_stage_a_smoke4_lpips,,man,light,external_models/MAN_weights/MAN-light/MAN-Light-x2.pth,experiments/router_metrics_20260511/man_light_x2_official_smoke4.csv,44.03555,44.03555,44.03555,0.0,,closed
public_weight_eval,man_base_x2_official_stage_a_smoke4_lpips,,man,base,external_models/MAN_weights/MAN-base/MANx2_DF2K.pth,experiments/router_metrics_20260511/man_base_x2_official_smoke4.csv,44.28076,44.28076,44.28076,0.0,,closed
legal_tta_ensemble_smoke,hat_clean_trainall_tta_ensemble_smoke4_lpips,,hat+hat,l+l,checkpoints_hat_l_nativeio_official_cont_limit1680_lr8e8_full120clean_avg/best_x2.pth+checkpoints_hat_l_nativeio_official_trainall1800_lr8e8_p96_avg/best_x2.pth,experiments/hat_post_sweep_20260511/clean_vs_trainall_tta_ensemble_smoke4_summary.csv,45.49442395949329,45.495011854607284,45.51113178586343,0.000587895113994,,closed
legal_tta_subset_smoke,hat_clean_tta_s247_smoke4_lpips,,hat,l,checkpoints_hat_l_nativeio_official_cont_limit1680_lr8e8_full120clean_avg/best_x2.pth,experiments/hat_post_sweep_20260511/clean_lr8e8_tta_topsubsets_smoke4_summary.csv,45.49442395949329,45.49681713840397,45.51113178586343,0.00239317891068,,closed
legal_tta_subset_full120,hat_clean_tta_s247_full120_lpips,,hat,l,checkpoints_hat_l_nativeio_official_cont_limit1680_lr8e8_full120clean_avg/best_x2.pth,experiments/hat_post_sweep_20260511/clean_lr8e8_tta_s247_full120_summary.csv,41.72060484291441,41.720059991779785,41.72060484291441,-0.000544851134627,,closed
legal_external_residual_smoke,hat_tta_hatfir_highpass_residual_smoke4_lpips,,hat+hatfir,l+hatfir,checkpoints_hat_l_nativeio_official_cont_limit1680_lr8e8_full120clean_avg/best_x2.pth+external_models/SwinFIR/experiments/pretrained_models/HATFIR_SRx2.pth,experiments/hat_external_residual_20260511/hat_tta_hatfir_highpass_smoke4_summary.csv,45.49442395949329,45.49527009734034,45.51113178586343,0.000846137847049,,closed
legal_external_residual_smoke,hat_tta_cat_a_highpass_residual_smoke4_lpips,,hat+cat,l+a,checkpoints_hat_l_nativeio_official_cont_limit1680_lr8e8_full120clean_avg/best_x2.pth+external_models/CAT_weights/CAT_A/SR_CAT_A_x2.pth,experiments/hat_external_residual_20260511/hat_tta_cat_a_highpass_smoke4_summary.csv,45.49442395949329,45.49750888848626,45.51113178586343,0.003084928992969,,closed
legal_hat_residual_smoke,hat_tta_prev_clean_highpass_residual_smoke4_lpips,,hat+hat,l+l,checkpoints_hat_l_nativeio_official_cont_limit1680_lr8e8_full120clean_avg/best_x2.pth+checkpoints_hat_l_official_p96_cont_limit1680_lr15e7_full120clean_avg/best_x2.pth,experiments/hat_external_residual_20260511/hat_tta_prev_clean_highpass_smoke4_summary.csv,45.49442395949329,45.50096801642498,45.51113178586343,0.006544056931688,,closed
legal_postprocess_oracle,hat_clean_tta_full120_route_oracle_lpips,,hat,l,checkpoints_hat_l_nativeio_official_cont_limit1680_lr8e8_full120clean_avg/best_x2.pth,experiments/router_metrics_20260510/clean_lr8e8_tta_full120_sweep,41.72060484291441,41.728299939479065,41.728299939479065,0.00769509656467,,archived
legal_postprocess_oracle,hat_hat_tta_full120_route_oracle_lpips,,hat+hat,l+l,checkpoints_hat_l_nativeio_official_cont_limit1680_lr8e8_full120clean_avg/best_x2.pth+checkpoints_hat_l_official_p96_cont_limit1680_lr15e7_full120clean_avg/best_x2.pth,experiments/router_metrics_20260510/clean_lr8e8_prev_non_native_tta_ensemble_full120,41.72348867711936,41.73022113136241,41.73022113136241,0.00673245424304,,archived
official_metric_loss,hat_l_native_io_metricloss_full120clean_limit512_p96_lr5e8_e1,,hat,l,checkpoints_hat_l_nativeio_official_cont_limit1680_lr8e8_full120clean_avg/best_x2.pth,checkpoints_hat_l_nativeio_metricloss_limit512_lr5e8_full120clean_avg,41.63526277327759,41.63219271685922,41.63526277327759,-0.003070056418366107,0.019010729669687976,closed
official_metric_loss,hat_l_native_io_ssimedge_probe40_limit512_p96_lr5e8_e1,,hat,l,checkpoints_hat_l_nativeio_official_cont_limit1680_lr8e8_full120clean_avg/best_x2.pth,checkpoints_hat_l_nativeio_ssimedge_probe40_limit512_lr5e8_avg,43.09584457800508,43.09211206192692,43.09584457800508,-0.003732516078159165,0.01440227359337598,closed
public_weight_eval,openmodeldb_swift_srgan_2x_stage_a_smoke4_lpips,,swift-srgan,2x,external_models/OpenModelDB_weights/cold_20260511/swift_srgan_2x.pth,experiments/router_metrics_20260511/openmodeldb_swift_srgan_2x_smoke4.csv,42.20725,42.20725,42.20725,0.0,,closed
public_weight_eval,openmodeldb_realsr_swinir_gan_x2_stage_a_smoke4_lpips,,swinir,gan,external_models/OpenModelDB_weights/cold_20260511/003_realSR_BSRGAN_DFO_s64w8_SwinIR-M_x2_GAN.pth,experiments/router_metrics_20260511/openmodeldb_realsr_swinir_gan_x2_smoke4.csv,38.83051,38.83051,38.83051,0.0,,closed
public_weight_eval,hf_jaideepsingh_hat_srx2_stage_a_smoke4_lpips,,hat,m,external_models/HF_weights/jaideepsingh_upscale_models/HAT/HAT_SRx2.pth,experiments/router_metrics_20260511/hf_jaideepsingh_hat_srx2_smoke4.csv,44.66887,44.66887,44.66887,0.0,,closed
public_weight_eval,hatfir_x2_official_full120_lpips,,swinfir,hatfir,external_models/SwinFIR/experiments/pretrained_models/HATFIR_SRx2.pth,experiments/router_metrics_20260511/hatfir_x2_official_full120.csv,41.35035661460706,41.35035661460706,41.35035661460706,0.0,,closed
legal_external_oracle,hat_tta_hatfir_full120_oracle_lpips,,hat+hatfir,l+hatfir,checkpoints_hat_l_nativeio_official_cont_limit1680_lr8e8_full120clean_avg/best_x2.pth+external_models/SwinFIR/experiments/pretrained_models/HATFIR_SRx2.pth,experiments/router_analysis_k4_20260511_hatfir_vs_hat_full120,41.72060484291441,41.72650143002894,41.72650143002894,0.00589658711454,,archived
legal_external_router,hat_tta_hatfir_full120_lr_cluster_router_lpips,,hat+hatfir,l+hatfir,checkpoints_hat_l_nativeio_official_cont_limit1680_lr8e8_full120clean_avg/best_x2.pth+external_models/SwinFIR/experiments/pretrained_models/HATFIR_SRx2.pth,experiments/router_analysis_k4_20260511_hatfir_vs_hat_full120,41.72060484291441,41.72060484291441,41.72650143002894,0.0,,closed
legal_postprocess_smoke,hat_clean_tta_cubic_b0015_bp_a002_smoke4_lpips,,hat,l,checkpoints_hat_l_nativeio_official_cont_limit1680_lr8e8_full120clean_avg/best_x2.pth,experiments/router_metrics_20260511/hat_clean_tta_cubic_b0015_bp_a002_smoke4.csv,45.49442395949329,45.49512,45.51113178586343,0.00069604050671,,closed
legal_tta_ensemble_smoke,current_vs_hf_hat_srx2_tta_ensemble_smoke4_lpips,,hat+hat,mix,checkpoints_hat_l_nativeio_official_cont_limit1680_lr8e8_full120clean_avg/best_x2.pth+external_models/HF_weights/jaideepsingh_upscale_models/HAT/HAT_SRx2.pth,experiments/hat_post_sweep_20260511/current_vs_hf_hat_srx2_tta_ensemble_smoke4_summary.csv,45.49442395949329,45.497771015260405,45.51113178586343,0.003347055767114,,closed
public_weight_eval,openmodeldb_dat2_x2_stage_a_smoke4_lpips,,dat,dat2,external_models/OpenModelDB_weights/dat2_20260511/DAT_2_x2.pth,experiments/router_metrics_20260511/openmodeldb_dat2_x2_smoke4.csv,44.53943,44.53943,44.53943,0.0,,closed
public_weight_eval,openmodeldb_dat2_x4_to_x2_area_smoke4_lpips,,dat,dat2_x4_to_x2,external_models/OpenModelDB_weights/dat2_20260511/DAT_2_x4.pth,experiments/router_metrics_20260511/openmodeldb_dat2_x4_to_x2_area_smoke4.csv,44.63012,44.63012,44.63012,0.0,,closed
public_weight_eval,openmodeldb_dat2_x3_to_x2_area_smoke4_lpips,,dat,dat2_x3_to_x2,external_models/OpenModelDB_weights/dat2_20260511/DAT_2_x3.pth,experiments/router_metrics_20260511/openmodeldb_dat2_x3_to_x2_area_smoke4.csv,42.51445,42.51445,42.51445,0.0,,closed
public_weight_eval,openmodeldb_swinir_df2k_x4_to_x2_area_smoke4_lpips,,swinir,x4_to_x2,external_models/OpenModelDB_weights/swinir_x4_20260511/001_classicalSR_DF2K_s64w8_SwinIR-M_x4.pth,experiments/router_metrics_20260511/openmodeldb_swinir_df2k_x4_to_x2_area_smoke4.csv,44.42676,44.42676,44.42676,0.0,,closed
legal_swa_smoke,hat_nativeio_swa_current_clean1024_w050_smoke4_lpips,,hat,l,checkpoints_hat_l_nativeio_swa_20260511/current_clean1024_w050.pth,experiments/router_metrics_20260511/hat_nativeio_swa_current_clean1024_w050_tta_cubic_b0015_smoke4.csv,45.49442395949329,45.49424,45.51113178586343,-0.00018395949329,,closed
legal_refiner_smoke,hat_refiner_l512_notta_raw_smoke4_lpips,,hat_refiner,c32d4,checkpoints_hat_refiner_nativeio_l512_p96_c32d4_lr2e4_20260511/best_refiner.pth,experiments/router_metrics_20260511/hat_refiner_l512_notta_raw_smoke4_lpips.csv,45.38694,45.38152,45.38694,-0.00542,0.011686,closed
legal_tile_smoke,hat_nativeio_tile96o24_notta_raw_smoke4_lpips,,hat,l,checkpoints_hat_l_nativeio_official_cont_limit1680_lr8e8_full120clean_avg/best_x2.pth,experiments/router_metrics_20260511/hat_nativeio_tile96o24_notta_raw_smoke4_lpips.csv,45.38694,45.33157,45.38694,-0.05537,,closed
public_weight_blocked,hf_ntire2026_infraredsr_rfrsr_x4_blocked,,rfrsr,x4,external_models/HF_weights/CallMeDaniel_NTIRE2026-InfraredSR/rfrsr_v10_split_iter46k.pth,external_models/HF_weights/CallMeDaniel_NTIRE2026-InfraredSR,0.0,0.0,0.0,0.0,,closed
public_weight_eval,mambairv2_base_x2_official_stage_a_smoke4_lpips,,mambairv2,base,external_models/MambaIR_weights/mambairv2_classicSR_Base_x2.pth,experiments/router_metrics_20260511/mambairv2_base_x2_official_smoke4.csv,44.54960,44.54960,44.54960,0.0,,closed
public_weight_eval,mambairv2_large_x2_official_stage_a_smoke4_lpips,,mambairv2,large,external_models/MambaIR_weights/mambairv2_classicSR_Large_x2.pth,experiments/router_metrics_20260511/mambairv2_large_x2_official_smoke4.csv,44.55586,44.55586,44.55586,0.0,,closed
legal_external_ensemble_smoke,hat_nativeio_tta_mambairv2_large_notta_smoke4_lpips,,hat+mambairv2,l+large,checkpoints_hat_l_nativeio_official_cont_limit1680_lr8e8_full120clean_avg/best_x2.pth+external_models/MambaIR_weights/mambairv2_classicSR_Large_x2.pth,experiments/router_metrics_20260511/hat_nativeio_tta_mambairv2_large_notta_smoke4,45.49295,45.50311,45.51113,0.01016,,promoted_probe40
legal_external_ensemble_probe,hat_nativeio_tta_mambairv2_large_notta_probe40_lpips,,hat+mambairv2,l+large,checkpoints_hat_l_nativeio_official_cont_limit1680_lr8e8_full120clean_avg/best_x2.pth+external_models/MambaIR_weights/mambairv2_classicSR_Large_x2.pth,experiments/router_metrics_20260511/hat_nativeio_tta_mambairv2_large_notta_probe40,43.18805,43.20532,43.20532,0.01727,,promoted_full120
legal_external_ensemble_full120,hat_nativeio_tta_mambairv2_large_notta_full120_lpips,,hat+mambairv2,l+large,checkpoints_hat_l_nativeio_official_cont_limit1680_lr8e8_full120clean_avg/best_x2.pth+external_models/MambaIR_weights/mambairv2_classicSR_Large_x2.pth,experiments/router_metrics_20260511/hat_nativeio_tta_mambairv2_large_notta_full120,41.71741,41.72977,41.72977,0.01236,,local_best_marginal
legal_postprocess_smoke,hat_nativeio_tta_mambairv2_large_notta_post_smoke4_lpips,,hat+mambairv2,l+large,checkpoints_hat_l_nativeio_official_cont_limit1680_lr8e8_full120clean_avg/best_x2.pth+external_models/MambaIR_weights/mambairv2_classicSR_Large_x2.pth,experiments/hat_post_sweep_20260511/hat_nativeio_tta_mambairv2_large_notta_post_smoke4_summary.csv,45.50294,45.50294,45.50311,-0.00017,,closed
official_clean_finetune,mambairv2_large_official_full120clean_limit512_lr3e6_avg,,mambairv2,large,external_models/MambaIR_weights/mambairv2_classicSR_Large_x2.pth,checkpoints_mambairv2_large_official_full120clean_limit512_lr3e6_avg_20260511,41.02053,41.27405,41.27405,0.25352,0.01143,closed_single_model_weak
legal_external_ensemble_smoke,hat_nativeio_tta_mambairv2_large_ft512_notta_smoke4_lpips,,hat+mambairv2,l+large_ft512,checkpoints_hat_l_nativeio_official_cont_limit1680_lr8e8_full120clean_avg/best_x2.pth+checkpoints_mambairv2_large_official_full120clean_limit512_lr3e6_avg_20260511/best_x2.pth,experiments/router_metrics_20260511/hat_nativeio_tta_mambairv2_large_ft512_notta_smoke4,45.49295,45.51277,45.51277,0.01982,,promoted_probe40
legal_external_ensemble_probe,hat_nativeio_tta_mambairv2_large_ft512_notta_probe40_lpips,,hat+mambairv2,l+large_ft512,checkpoints_hat_l_nativeio_official_cont_limit1680_lr8e8_full120clean_avg/best_x2.pth+checkpoints_mambairv2_large_official_full120clean_limit512_lr3e6_avg_20260511/best_x2.pth,experiments/router_metrics_20260511/hat_nativeio_tta_mambairv2_large_ft512_notta_probe40,43.18805,43.20591,43.20591,0.01786,,promoted_full120
legal_external_ensemble_full120,hat_nativeio_tta_mambairv2_large_ft512_notta_full120_lpips,,hat+mambairv2,l+large_ft512,checkpoints_hat_l_nativeio_official_cont_limit1680_lr8e8_full120clean_avg/best_x2.pth+checkpoints_mambairv2_large_official_full120clean_limit512_lr3e6_avg_20260511/best_x2.pth,experiments/router_metrics_20260511/hat_nativeio_tta_mambairv2_large_ft512_notta_full120,41.71741,41.72732,41.72732,0.00991,,closed_below_original_mamba
legal_external_ensemble_smoke,hat_hat_mambairv2_large_notta_smoke4_lpips,,hat+hat+mambairv2,l+l+large,checkpoints_hat_l_nativeio_official_cont_limit1680_lr8e8_full120clean_avg/best_x2.pth+checkpoints_hat_l_official_p96_cont_limit1680_lr15e7_full120clean_avg/best_x2.pth+external_models/MambaIR_weights/mambairv2_classicSR_Large_x2.pth,experiments/router_metrics_20260511/hat_hat_mambairv2_large_notta_smoke4,45.50702,45.51503,45.51503,0.00801,,promoted_probe40
legal_external_ensemble_probe,hat_hat_mambairv2_large_notta_probe40_lpips,,hat+hat+mambairv2,l+l+large,checkpoints_hat_l_nativeio_official_cont_limit1680_lr8e8_full120clean_avg/best_x2.pth+checkpoints_hat_l_official_p96_cont_limit1680_lr15e7_full120clean_avg/best_x2.pth+external_models/MambaIR_weights/mambairv2_classicSR_Large_x2.pth,experiments/router_metrics_20260511/hat_hat_mambairv2_large_notta_probe40,43.20532,43.20913,43.20913,0.00381,,promoted_full120
legal_external_ensemble_full120,hat_hat_mambairv2_large_notta_full120_lpips,,hat+hat+mambairv2,l+l+large,checkpoints_hat_l_nativeio_official_cont_limit1680_lr8e8_full120clean_avg/best_x2.pth+checkpoints_hat_l_official_p96_cont_limit1680_lr15e7_full120clean_avg/best_x2.pth+external_models/MambaIR_weights/mambairv2_classicSR_Large_x2.pth,experiments/router_metrics_20260511/hat_hat_mambairv2_large_notta_full120,41.72977,41.73174,41.73174,0.00197,,local_proxy_best_marginal
legal_postprocess_smoke,hat_hat_mambairv2_large_notta_post_smoke4_lpips,,hat+hat+mambairv2,l+l+large,checkpoints_hat_l_nativeio_official_cont_limit1680_lr8e8_full120clean_avg/best_x2.pth+checkpoints_hat_l_official_p96_cont_limit1680_lr15e7_full120clean_avg/best_x2.pth+external_models/MambaIR_weights/mambairv2_classicSR_Large_x2.pth,experiments/hat_hat_mambairv2_post_smoke4_sweep_20260511.csv,45.51438,45.51438,45.51438,0.0,,closed_raw_best
legal_external_ensemble_smoke,hat_hatnative1024_mambairv2_large_notta_smoke4_lpips,,hat+hat+mambairv2,l+native1024+large,checkpoints_hat_l_nativeio_official_cont_limit1680_lr8e8_full120clean_avg/best_x2.pth+checkpoints_hat_l_nativeio_official_cont_limit1024_lr2e7_full120clean_avg/best_x2.pth+external_models/MambaIR_weights/mambairv2_classicSR_Large_x2.pth,experiments/router_metrics_20260511/hat_hatnative1024_mambairv2_large_notta_smoke4,45.51503,45.50314,45.51503,-0.01189,,closed
legal_external_router,hat_hat_mambairv2_full120_k4_ridge_router_lpips,,hat+hat+mambairv2,l+l+large,checkpoints_hat_l_nativeio_official_cont_limit1680_lr8e8_full120clean_avg/best_x2.pth+checkpoints_hat_l_official_p96_cont_limit1680_lr15e7_full120clean_avg/best_x2.pth+external_models/MambaIR_weights/mambairv2_classicSR_Large_x2.pth,experiments/router_metrics_20260511/routed_hhat_vs_hhmamba_full120/k4_ridge.csv,41.72199,41.72627,41.73703,0.00428,,platform_ridge_candidate
legal_external_ensemble_full120,hat_hat_mambairv2_lowmamba_full120_lpips,,hat+hat+mambairv2,l+l+large,checkpoints_hat_l_nativeio_official_cont_limit1680_lr8e8_full120clean_avg/best_x2.pth+checkpoints_hat_l_official_p96_cont_limit1680_lr15e7_full120clean_avg/best_x2.pth+external_models/MambaIR_weights/mambairv2_classicSR_Large_x2.pth,experiments/router_metrics_20260511/hat_hat_mambairv2_lowmamba_full120,41.72199,41.72854,41.72854,0.00655,,platform_ridge_best_marginal
legal_external_ensemble_smoke,hat_hat_mambairv2_large_tta_fixedsmoke4_lpips,,hat+hat+mambairv2,l+l+large,checkpoints_hat_l_nativeio_official_cont_limit1680_lr8e8_full120clean_avg/best_x2.pth+checkpoints_hat_l_official_p96_cont_limit1680_lr15e7_full120clean_avg/best_x2.pth+external_models/MambaIR_weights/mambairv2_classicSR_Large_x2.pth,experiments/router_metrics_20260512/hat_hat_mambairv2_large_tta_fixedsmoke4,45.51503,45.51498,45.51503,-0.00005,,closed
official_train_blocked,hat_l_native_io_probe40_limit512_p128_lr8e8_e1,,hat,l,checkpoints_hat_l_nativeio_official_cont_limit1680_lr8e8_full120clean_avg/best_x2.pth,checkpoints_hat_l_nativeio_official_probe40_limit512_p128_lr8e8_20260512,43.09584457800508,43.09584457800508,43.09584457800508,0.0,,closed_oom
official_train_blocked,hat_l_native_io_probe40_limit512_p112_lr8e8_e1,,hat,l,checkpoints_hat_l_nativeio_official_cont_limit1680_lr8e8_full120clean_avg/best_x2.pth,checkpoints_hat_l_nativeio_official_probe40_limit512_p112_lr8e8_20260512,43.09584457800508,43.09584457800508,43.09584457800508,0.0,,closed_oom
public_weight_eval,cat_r_x2_official_stage_a_smoke4_lpips,,cat,r,external_models/CAT_weights/CAT_R/SR_CAT_R_x2.pth,experiments/router_metrics_20260512/cat_r_x2_official_smoke4.csv,44.50241,44.50241,44.50241,0.0,,closed
public_weight_eval,cat_r2_x2_official_stage_a_smoke4_lpips,,cat,r2,external_models/CAT_weights/CAT_R_2/SR_CAT_R_2_x2.pth,experiments/router_metrics_20260512/cat_r2_x2_official_smoke4.csv,44.50670,44.50670,44.50670,0.0,,closed
legal_external_ensemble_smoke,hat_hat_mambairv2_lowmamba_fine_smoke4_lpips,,hat+hat+mambairv2,l+l+large,checkpoints_hat_l_nativeio_official_cont_limit1680_lr8e8_full120clean_avg/best_x2.pth+checkpoints_hat_l_official_p96_cont_limit1680_lr15e7_full120clean_avg/best_x2.pth+external_models/MambaIR_weights/mambairv2_classicSR_Large_x2.pth,experiments/router_metrics_20260512/hat_hat_mambairv2_lowmamba_fine_smoke4,45.51503,45.51573,45.51573,0.00070,,closed_marginal
public_weight_eval,ntire2026_ir_team00_dat_x4_to_x2_area_stage_a_smoke4_lpips,,ntire2026_ir,team00_dat_x4_to_x2,external_models/NTIRE2026_infraredSR/downloaded_weights/team00_DAT/team00_dat.pth,experiments/router_metrics_20260512/ntire2026_ir_x4_team00_dat_to_x2_area_smoke4.csv,44.50308,44.50308,44.50308,0.0,,closed
public_weight_eval,ntire2026_ir_team03_hat1_x4_to_x2_area_smoke4_lpips,,ntire2026_ir,team03_hat1_x4_to_x2,external_models/NTIRE2026_infraredSR/downloaded_weights/team03_XJRes/team03_XJRes_download,experiments/router_metrics_20260512/ntire2026_ir_x4_team03_hat1_to_x2_area_smoke4.csv,40.00006,40.00006,40.00006,0.0,,closed
public_weight_blocked,ntire2026_ir_team03_hat_pft_ensemble_x4_to_x2_timeout,,ntire2026_ir,team03_hat_pft_x4_to_x2,external_models/NTIRE2026_infraredSR/downloaded_weights/team03_XJRes/team03_XJRes_download,logs/eval_ntire2026_ir_x4_team03_hat_pft_to_x2_smoke_20260512.log,0.0,0.0,0.0,0.0,,closed_timeout
public_weight_eval,ntire2026_ir_team10_s1_x4_to_x2_area_smoke4_lpips,,ntire2026_ir,team10_s1_x4_to_x2,external_models/NTIRE2026_infraredSR/downloaded_weights/team10_FengFans/team10_FengFans/model_s1.pth,experiments/router_metrics_20260512/ntire2026_ir_x4_team10_s1_to_x2_area_smoke4.csv,40.18305,40.18305,40.18305,0.0,,closed
public_weight_eval,ntire2026_ir_team10_bsr100k_x4_to_x2_area_smoke4_lpips,,ntire2026_ir,team10_bsr100k_x4_to_x2,external_models/NTIRE2026_infraredSR/downloaded_weights/team10_FengFans/team10_FengFans/model_bsr100k.pth,experiments/router_metrics_20260512/ntire2026_ir_x4_team10_bsr100k_to_x2_area_smoke4.csv,40.04407,40.04407,40.04407,0.0,,closed
public_weight_eval,ntire2026_ir_team09_sigmoid_x4_to_x2_area_smoke4_lpips,,ntire2026_ir,team09_sigmoid_x4_to_x2,external_models/NTIRE2026_infraredSR/downloaded_weights/team09_SiGMoid/team09_SiGMoid_download,experiments/router_metrics_20260512/ntire2026_ir_x4_team09_sigmoid_to_x2_area_smoke4.csv,40.11812,40.11812,40.11812,0.0,,closed
public_weight_blocked,openmodeldb_2x_psnr_google_drive_unavailable_20260512,,openmodeldb,2x_psnr,1ldwajXL50uC7PCS63B4Wato6Dnk-svNL,logs/download_openmodeldb_2x_psnr_20260512.log,0.0,0.0,0.0,0.0,,closed_blocked
public_weight_eval,psrgan_x2_official_stage_a_smoke4_lpips,,psrgan,x2,external_models/Infrared_Image_SR_PSRGAN/model_zoo/5000_G.pth,logs/eval_psrgan_x2_official_smoke4_20260512.log,35.64777,35.64777,35.64777,0.0,,closed
public_weight_eval,pbvs2025_tongji_drct_l_x8_to_x2_area_stage_a_smoke4_lpips,,drct,l_x8_to_x2_area,external_models/PBVS_TSR/experiments/pretrained_models/pbvs_pretrained/net_g_model_best.pth,experiments/router_metrics_20260512/pbvs2025_tongji_drct_l_x8_to_x2_area_smoke4.csv,35.65241,35.65241,35.65241,0.0,,closed
public_weight_eval,pbvs2025_tongji_drct_l_x8_headx2_stage_a_smoke4_lpips,,drct,l_x8_headx2,external_models/PBVS_TSR/experiments/pretrained_models/pbvs_pretrained/net_g_model_best.pth,experiments/router_metrics_20260512/pbvs2025_tongji_drct_l_x8_headx2_smoke4.csv,35.89066,35.89066,35.89066,0.0,,closed
public_weight_blocked,pbvs2025_aimf_track1_weights_empty,,pbvs2025,aimf_track1,external_models/PBVS25_TISR25_Track1/checkpoints/pretrain,logs/download_pbvs2025_aimf_track1_weights_20260512.log,0.0,0.0,0.0,0.0,,closed_blocked
public_weight_blocked,hpen_x2_no_public_weights,,hpen,x2,external_models/HPEN-main,external_models/HPEN-main,0.0,0.0,0.0,0.0,,closed_blocked
public_weight_blocked,lisn_ir_sr_no_public_weights,,lisn,x2,external_models/LISN-Infrared-Image-SR,external_models/LISN-Infrared-Image-SR,0.0,0.0,0.0,0.0,,closed_blocked
public_weight_blocked,pcsrnet_google_drive_unavailable,,pcsrnet,x2,1JVJeIfBpH7z02USKhWJPaAMSwjmqIEg_,logs/download_pcsrnet_weights_20260512.log,0.0,0.0,0.0,0.0,,closed_blocked
public_weight_eval,corple_x2_official_stage_a_smoke4_lpips,,corple,x2,external_models/CoRPLE/experiments/experiments/CoRPLEx2.pth,experiments/router_metrics_20260512/corple_x2_official_smoke4.csv,36.59098,36.59098,36.59098,0.0,,closed
public_weight_eval,crg2x_corple_arch_stage_a_smoke4_lpips,,corple,crg2x,external_models/CoRPLE/experiments/experiments/CRG_2x.pth,experiments/router_metrics_20260512/crg2x_corple_arch_smoke4.csv,36.60188,36.60188,36.60188,0.0,,closed
public_weight_eval,real_iisr_adapt512_smoke1_lpips,,real_iisr,adapt512,external_models/Real-IISR/checkpoints/Real-IISR.pth,experiments/router_metrics_20260512/real_iisr_adapt512_smoke1.csv,31.20380,31.20380,31.20380,0.0,,closed
public_weight_blocked,dasrgan_restricted_no_public_weights,,dasrgan,x2,external_models/DASRGAN,https://github.com/yongsongH/DASRGAN,0.0,0.0,0.0,0.0,,closed_blocked
public_weight_eval,difiisr_x4_to_x2_area_stage_a_smoke4_lpips,,difiisr,x4_to_x2,external_models/DifIISR/weights/DifIISR.pth,experiments/router_metrics_20260512/difiisr_x4_to_x2_area_smoke4_variants.csv,37.27571,37.27571,37.27571,0.0,,closed
public_weight_eval,gpsmamba_x2_official_stage_a_smoke4_lpips,,gpsmamba,x2,external_models/GPSMamba/experiments/pretrained_models/net_g_x2_best.pth,experiments/router_metrics_20260512/gpsmamba_x2_official_tile64o16_smoke4_variants.csv,43.44194,43.44194,43.44194,0.0,,closed
public_weight_eval,irsrmamba_x2_official_stage_a_smoke4_lpips,,irsrmamba,x2,external_models/IRSRMamba/experiments/pretrained_models/IRSRMamba_final_x2.pth,experiments/router_metrics_20260512/irsrmamba_x2_official_smoke4_variants.csv,43.09043,43.09043,43.09043,0.0,,closed
public_weight_eval,swin2_mose_sen2venus_x2_stage_a_smoke4_lpips,,swin2sr,swin2_mose_sen2venus_x2,external_models/Swin2_MoSE,experiments/router_metrics_20260512/swin2_mose_sen2venus_x2_smoke4_variants.csv,33.78286,33.78286,33.78286,0.0,,closed
public_weight_eval,eamamba_realsrx2_stage_a_smoke4_lpips,,eamamba,realsrx2,external_models/EAMamba/checkpoints/realsrx2.pth,experiments/router_metrics_20260512/eamamba_realsrx2_smoke4.csv,30.66190,30.66190,30.66190,0.0,,closed
public_weight_blocked,rpt_sr_wacv2026_no_public_weights,,rpt_sr,x4,external_models/RPT-SR,external_models/RPT-SR,0.0,0.0,0.0,0.0,,closed_blocked
public_weight_blocked,vmambair_no_x2_stage1_checkpoint,,vmambair,x2,external_models/VmambaIR,external_models/VmambaIR,0.0,0.0,0.0,0.0,,closed_blocked
legal_external_ensemble_smoke,hat_tta_gpsmamba_lowweight_smoke4_lpips,,hat+gpsmamba,l+x2,checkpoints_hat_l_nativeio_official_cont_limit1680_lr8e8_full120clean_avg/best_x2.pth+external_models/GPSMamba/experiments/pretrained_models/net_g_x2_best.pth,experiments/hat_tta_gpsmamba_smoke4_20260512.csv,45.49295,45.49445,45.49445,0.00150,,closed_below_hhatmamba
legal_external_ensemble_smoke,hat_tta_irsrmamba_lowweight_smoke4_lpips,,hat+irsrmamba,l+x2,checkpoints_hat_l_nativeio_official_cont_limit1680_lr8e8_full120clean_avg/best_x2.pth+external_models/IRSRMamba/experiments/pretrained_models/IRSRMamba_final_x2.pth,experiments/hat_tta_irsrmamba_smoke4_20260512.csv,45.49295,45.49326,45.49326,0.00031,,closed_below_hhatmamba
public_weight_blocked,mpsr_x2_models_link_but_no_public_code,,mpsr,x2,external_models/MPSR,external_models/MPSR,0.0,0.0,0.0,0.0,,closed_blocked
public_weight_blocked,mslrsr_no_public_weights,,mslrsr,x2,external_models/MSLRSR,external_models/MSLRSR,0.0,0.0,0.0,0.0,,closed_blocked
public_weight_blocked,garlsr_no_public_trained_weights,,garlsr,x4,external_models/GARLSR,external_models/GARLSR,0.0,0.0,0.0,0.0,,closed_blocked
legal_external_ensemble_probe,hat_hat_mambairv2_lowmamba_fine_probe40_lpips,,hat+hat+mambairv2,l+l+large,checkpoints_hat_l_nativeio_official_cont_limit1680_lr8e8_full120clean_avg/best_x2.pth+checkpoints_hat_l_official_p96_cont_limit1680_lr15e7_full120clean_avg/best_x2.pth+external_models/MambaIR_weights/mambairv2_classicSR_Large_x2.pth,experiments/router_metrics_20260512/hat_hat_mambairv2_fine_probe40,43.20913,43.20911,43.20913,-0.00002,,closed
public_weight_eval,ldff_net_x4_to_x2_area_stage_a_smoke4_lpips,,ldff_net,x4_to_x2,external_models/LDFF-Net/weight/LDFF_Net/net_params_1000.pkl,experiments/router_metrics_20260512/ldff_x4_to_x2_area_smoke4.csv,32.32098,32.32098,32.32098,0.0,,closed
legal_inference_probe,hat_nativeio_tlc_b32_smoke4_lpips,,hat,l,checkpoints_hat_l_nativeio_official_cont_limit1680_lr8e8_full120clean_avg/best_x2.pth,experiments/router_metrics_20260512/hat_nativeio_tlc_b32_smoke4.csv,45.38694,39.75088,45.38694,-5.63606,,closed
legal_inference_probe,hat_nativeio_tlc_b64_smoke4_lpips,,hat,l,checkpoints_hat_l_nativeio_official_cont_limit1680_lr8e8_full120clean_avg/best_x2.pth,experiments/router_metrics_20260512/hat_nativeio_tlc_b64_smoke4.csv,45.38694,39.74726,45.38694,-5.63968,,closed
official_train_smoke,hat_l_native_io_p104_ckpt_smoke16_lr8e8,,hat,l,checkpoints_hat_l_nativeio_official_cont_limit1680_lr8e8_full120clean_avg/best_x2.pth,checkpoints_hat_l_nativeio_p104_ckpt_smoke16_20260512,,45.38784608081366,45.38784608081366,,0.011573300238524098,archived
official_train,hat_l_native_io_probe40_limit512_p104_ckpt_lr8e8_e1,,hat,l,checkpoints_hat_l_nativeio_official_cont_limit1680_lr8e8_full120clean_avg/best_x2.pth,checkpoints_hat_l_nativeio_official_probe40_limit512_p104_ckpt_lr8e8_20260512,43.095844578202986,43.09515853477618,43.095844578202986,-0.000686043426803451,0.012470301268194817,closed
official_train_blocked,hat_l_native_io_p112_ckpt_smoke16_lr8e8,,hat,l,checkpoints_hat_l_nativeio_official_cont_limit1680_lr8e8_full120clean_avg/best_x2.pth,checkpoints_hat_l_nativeio_p112_ckpt_smoke16_20260512,45.38694,45.38694,45.38694,0.0,,closed_oom_even_checkpoint
legal_postprocess_smoke,hat_hat_mambairv2_sharpen_smoke4_lpips,,hat+hat+mambairv2,l+l+large,checkpoints_hat_l_nativeio_official_cont_limit1680_lr8e8_full120clean_avg/best_x2.pth+checkpoints_hat_l_official_p96_cont_limit1680_lr15e7_full120clean_avg/best_x2.pth+external_models/MambaIR_weights/mambairv2_classicSR_Large_x2.pth,experiments/hat_hat_mambairv2_sharpen_smoke4_20260512.csv,45.51503,45.51597,45.51597,0.00094,,closed_marginal_raw_best
legal_external_ensemble_smoke,hat_hat_mambairv2_base_notta_smoke4_lpips,,hat+hat+mambairv2,l+l+base,checkpoints_hat_l_nativeio_official_cont_limit1680_lr8e8_full120clean_avg/best_x2.pth+checkpoints_hat_l_official_p96_cont_limit1680_lr15e7_full120clean_avg/best_x2.pth+external_models/MambaIR_weights/mambairv2_classicSR_Base_x2.pth,experiments/hat_hat_mambairv2_base_notta_smoke4_20260512.csv,45.51503,45.51169,45.51503,-0.00334,,closed
legal_external_residual_smoke,hat_hat_mambairv2_highpass_smoke4_lpips,,hat+hat+mambairv2,l+l+large_hp,checkpoints_hat_l_nativeio_official_cont_limit1680_lr8e8_full120clean_avg/best_x2.pth+checkpoints_hat_l_official_p96_cont_limit1680_lr15e7_full120clean_avg/best_x2.pth+external_models/MambaIR_weights/mambairv2_classicSR_Large_x2.pth,experiments/hat_hat_mambairv2_highpass_smoke4_20260512.csv,45.51597,45.51482,45.51597,-0.00115,,closed
public_weight_eval,pft_light_x2_official_stage_a_smoke4_lpips,,pft,light,external_models/PFT-SR/experiments/pretrained_models/101_PFT_light_SRx2_scratch.pth,logs/eval_pft_light_x2_official_smoke4_20260512.log,44.13180,44.13180,44.13180,0.0,,closed
public_weight_eval,mambairv2_large_graymode_sweep_smoke4_lpips,,mambairv2,large,external_models/MambaIR_weights/mambairv2_classicSR_Large_x2.pth,logs/eval_mambairv2_large_graymodes_smoke4_20260512.log,44.55894,44.55894,44.55894,0.0,,closed_avg_best
legal_external_ensemble_smoke,hat_hat_mambairv2_ft512_fixedsmoke4_lpips,,hat+hat+mambairv2,l+l+large_ft512,checkpoints_hat_l_nativeio_official_cont_limit1680_lr8e8_full120clean_avg/best_x2.pth+checkpoints_hat_l_official_p96_cont_limit1680_lr15e7_full120clean_avg/best_x2.pth+checkpoints_mambairv2_large_official_full120clean_limit512_lr3e6_avg_20260511/best_x2.pth,experiments/router_metrics_20260512/hat_hat_mambairv2_ft512_fixedsmoke4,45.51503,45.52136,45.52136,0.00633,,promoted_probe40
legal_external_ensemble_probe,hat_hat_mambairv2_ft512_probe40_lpips,,hat+hat+mambairv2,l+l+large_ft512,checkpoints_hat_l_nativeio_official_cont_limit1680_lr8e8_full120clean_avg/best_x2.pth+checkpoints_hat_l_official_p96_cont_limit1680_lr15e7_full120clean_avg/best_x2.pth+checkpoints_mambairv2_large_official_full120clean_limit512_lr3e6_avg_20260511/best_x2.pth,experiments/router_metrics_20260512/hat_hat_mambairv2_ft512_probe40,43.20913,43.20766,43.20913,-0.00147,,closed
public_weight_eval,haffir_imagenet_x2_stage_a_fixedsmoke4_lpips,,swinfir,haffir_imagenet_x2,external_models/SwinFIR/experiments/pretrained_models/HAFFIR_ImageNet_x2.pth,experiments/router_metrics_20260512/haffir_imagenet_x2_fixedsmoke4.csv,44.93581,44.93581,44.93581,0.0,,closed
legal_external_ensemble_smoke,hat_tta_haffir_imagenet_x2_fixedsmoke4_lpips,,hat+haffir,l+haffir,checkpoints_hat_l_nativeio_official_cont_limit1680_lr8e8_full120clean_avg/best_x2.pth+external_models/SwinFIR/experiments/pretrained_models/HAFFIR_ImageNet_x2.pth,experiments/router_metrics_20260512/hat_tta_haffir_imagenet_x2_fixedsmoke4,45.49295,45.49639,45.51113,0.00344,,closed
public_weight_eval,pft_full_x2_stage_a_fixedsmoke4_lpips,,pft,full,external_models/PFT-SR/experiments/pretrained_models/001_PFT_SRx2_scratch.pth,experiments/router_metrics_20260512/pft_full_x2_fixedsmoke4.csv,44.59024,44.59024,44.59024,0.0,,closed
public_weight_blocked,psrgan_75000_x4_head_mismatch_for_x2,,psrgan,x4_head,external_models/Infrared_Image_SR_PSRGAN/model_zoo/75000_G.pth,logs/eval_psrgan_75000_x2_fixedsmoke4_20260512.log,0.0,0.0,0.0,0.0,,closed_x4_head
public_weight_eval,hf_caidas_swin2sr_classical_x2_fixedsmoke4_lpips,,swin2sr,classical,caidas/swin2SR-classical-sr-x2-64,experiments/router_metrics_20260512/hf_caidas_swin2sr_classical_x2_fixedsmoke4.csv,44.37165,44.37165,44.37165,0.0,,closed
public_weight_eval,hf_caidas_swin2sr_lightweight_x2_fixedsmoke4_lpips,,swin2sr,lightweight,caidas/swin2SR-lightweight-x2-64,experiments/router_metrics_20260512/hf_caidas_swin2sr_lightweight_x2_fixedsmoke4.csv,44.09210,44.09210,44.09210,0.0,,closed
public_weight_eval,hf_wrice_swin2sr_ffhq_fixedsmoke4_lpips,,swin2sr,ffhq,wrice/swin2sr-ffhq,experiments/router_metrics_20260512/hf_wrice_swin2sr_ffhq_fixedsmoke4.csv,11.95274,11.95274,11.95274,0.0,,closed_bad_scale_or_domain
public_weight_eval,hf_wrice_swin2sr_laion_hd_fixedsmoke4_lpips,,swin2sr,laion_hd,wrice/swin2sr-laion-hd,experiments/router_metrics_20260512/hf_wrice_swin2sr_laion_hd_fixedsmoke4.csv,11.90468,11.90468,11.90468,0.0,,closed_bad_scale_or_domain
public_weight_eval,hf_xenova_2x_apisr_rrdb_gan_onnx_fixedsmoke4_lpips,,apisr,rrdb_gan_onnx,external_models/HF_weights/Xenova_2x_APISR_RRDB_GAN_generator_onnx/onnx/model.onnx,experiments/router_metrics_20260512/hf_xenova_2x_apisr_rrdb_gan_onnx_fixedsmoke4.csv,31.04814,31.04814,31.04814,0.0,,closed
legal_postprocess_smoke,hat_hat_mambairv2_output_tone_fixedsmoke4_lpips,,hat+hat+mambairv2,l+l+large,checkpoints_hat_l_nativeio_official_cont_limit1680_lr8e8_full120clean_avg/best_x2.pth+checkpoints_hat_l_official_p96_cont_limit1680_lr15e7_full120clean_avg/best_x2.pth+external_models/MambaIR_weights/mambairv2_classicSR_Large_x2.pth,experiments/hat_hat_mambairv2_tone_fixedsmoke4_20260512.csv,45.51503,45.51456,45.51503,-0.00047,,closed_raw_best
public_weight_eval,hf_sergeipetrov_swin2sr_classical_x2_fixedsmoke4_lpips,,swin2sr,classical,sergeipetrov/swin2SR-classical-sr-x2-64,experiments/router_metrics_20260512/hf_sergeipetrov_swin2sr_classical_x2_fixedsmoke4.csv,44.37165,44.37165,44.37165,0.0,,closed_caidas_duplicate
legal_external_ensemble_smoke,hat_hat_mambairv2_mgrayg_fixedsmoke4_lpips,,hat+hat+mambairv2,l+l+large_mgrayg,checkpoints_hat_l_nativeio_official_cont_limit1680_lr8e8_full120clean_avg/best_x2.pth+checkpoints_hat_l_official_p96_cont_limit1680_lr15e7_full120clean_avg/best_x2.pth+external_models/MambaIR_weights/mambairv2_classicSR_Large_x2.pth,experiments/hat_hat_mambairv2_mgrayg_fixedsmoke4_20260512.csv,45.51597,45.51529,45.51597,-0.00068,,closed_avg_better
public_weight_eval,gsasr_edsr_df2k_fixedsmoke4_lpips,,gsasr,edsr_df2k,external_models/GSASR HF mutou0308/GSASR,experiments/router_metrics_20260512/gsasr_edsr_df2k_fixedsmoke4.csv,43.75804,43.75804,43.75804,0.0,,closed
public_weight_eval,gsasr_hatl_sa1b_fixedsmoke4_lpips,,gsasr,hatl_sa1b,external_models/GSASR HF mutou0308/GSASR,experiments/router_metrics_20260512/gsasr_hatl_sa1b_fixedsmoke4.csv,43.74799,43.74799,43.74799,0.0,,closed
public_weight_eval,continuoussr_fixedsmoke4_lpips,,continuoussr,hf_continuoussr,HF pey12/ContinuousSR ContinuousSR.pth,experiments/router_metrics_20260512/continuoussr_fixedsmoke4_ampoff.csv,10.15368,10.15368,10.15368,0.0,,closed_bad_task_match
public_weight_eval,openmodeldb_realsr_swinir_psnr_x2_smoke4_lpips,,swinir,realsr_psnr_x2,external_models/OpenModelDB_weights/cold_20260512/003_realSR_BSRGAN_DFO_s64w8_SwinIR-M_x2_PSNR.pth,experiments/router_metrics_20260512/openmodeldb_realsr_swinir_psnr_x2_smoke4.csv,40.10487,40.10487,40.10487,0.0,,closed
public_weight_eval,openmodeldb_starsample_v2_lite_smoke4_lpips,,span,starsample_v2_lite,external_models/OpenModelDB_weights/metadata_scan_20260512/2x_StarSample_V2.0_Lite.safetensors,experiments/router_metrics_20260512/openmodeldb_starsample_v2_lite_smoke4.csv,37.86027,37.86027,37.86027,0.0,,closed
public_weight_eval,openmodeldb_hfa2k_avcsrformer_light_smoke4_lpips,,srformer,hfa2k_avcsrformer_light,external_models/OpenModelDB_weights/metadata_scan_20260512/2xHFA2kAVCSRFormer_light.pth,experiments/router_metrics_20260512/openmodeldb_hfa2k_avcsrformer_light_srformer_smoke4.csv,39.25230,39.25230,39.25230,0.0,,closed
public_weight_blocked,openmodeldb_gameupv2_tscunet_small_spandrel_unsupported,,tscunet,gameupv2_small,external_models/OpenModelDB_weights/metadata_scan_20260512/2x-GameUpV2_TSCUNet_Small.pth,logs/eval_openmodeldb_gameupv2_tscunet_small_smoke4_20260512.log,0.0,0.0,0.0,0.0,,closed_unsupported_arch
public_weight_eval,openmodeldb_animesharpv4_rcan_smoke4_lpips,,rcan,animesharpv4,external_models/OpenModelDB_weights/metadata_scan_20260512/animesharpv4_rcan.safetensors,experiments/router_metrics_20260512/openmodeldb_animesharpv4_rcan_smoke4.csv,42.32238,42.32238,42.32238,0.0,,closed
public_weight_eval,openmodeldb_animesharpv4_fast_rcan_pu_smoke4_lpips,,rcan,animesharpv4_fast_pu,external_models/OpenModelDB_weights/metadata_scan_20260512/animesharpv4_fast_rcan_pu.safetensors,experiments/router_metrics_20260512/openmodeldb_animesharpv4_fast_rcan_pu_smoke4.csv,40.38703,40.38703,40.38703,0.0,,closed
public_weight_eval,openmodeldb_hfa2k_avc_omnisr_smoke4_lpips,,omnisr,hfa2k_avc,external_models/OpenModelDB_weights/metadata_scan_20260512/hfa2k_avc_omnisr.pth,experiments/router_metrics_20260512/openmodeldb_hfa2k_avc_omnisr_smoke4.csv,40.07652,40.07652,40.07652,0.0,,closed
public_weight_blocked,openmodeldb_hfa2k_avc_edsr_m_spandrel_unsupported,,edsr,hfa2k_avc,external_models/OpenModelDB_weights/metadata_scan_20260512/hfa2k_avc_edsr_m.pth,logs/eval_openmodeldb_hfa2k_avc_edsr_m_smoke4_20260512.log,0.0,0.0,0.0,0.0,,closed_unsupported_arch
public_weight_eval,openmodeldb_hfa2k_avc_compact_smoke4_lpips,,compact,hfa2k_avc,external_models/OpenModelDB_weights/metadata_scan_20260512/hfa2k_avc_compact.pth,experiments/router_metrics_20260512/openmodeldb_hfa2k_avc_compact_smoke4.csv,39.57743,39.57743,39.57743,0.0,,closed
public_weight_eval,openmodeldb_bubble_animescale_swinir_small_smoke4_lpips,,swinir,bubble_animescale_small,external_models/OpenModelDB_weights/metadata_scan_20260512/bubble_animescale_swinir_small.pth,experiments/router_metrics_20260512/openmodeldb_bubble_animescale_swinir_small_smoke4.csv,40.21039,40.21039,40.21039,0.0,,closed
public_weight_eval,openmodeldb_modernspanimation_v1_smoke4_lpips,,span,modernspanimation_v1,external_models/OpenModelDB_weights/metadata_scan_20260512/modernspanimation_v1.pth,experiments/router_metrics_20260512/openmodeldb_modernspanimation_v1_smoke4.csv,38.36413,38.36413,38.36413,0.0,,closed
public_weight_eval,openmodeldb_starsample_v2_esrgan_smoke4_lpips,,esrgan,starsample_v2,external_models/OpenModelDB_weights/metadata_scan_20260512/starsample_v2_esrgan.safetensors,experiments/router_metrics_20260512/openmodeldb_starsample_v2_esrgan_smoke4.csv,39.67283,39.67283,39.67283,0.0,,closed
public_weight_eval,seemore_t_x2_fixedsmoke4_lpips,,seemore,t_x2,external_models/SeemoRe/checkpoints_download/checkpoints/SeemoRe_T_X2/net_g_latest.pth,experiments/router_metrics_20260512/seemore_t_x2_fixedsmoke4.csv,43.91565,43.91565,43.91565,0.0,,closed
public_weight_eval,seemore_b_x2_fixedsmoke4_lpips,,seemore,b_x2,external_models/SeemoRe/checkpoints_download/checkpoints/SeemoRe_B_X2/net_g_latest.pth,experiments/router_metrics_20260512/seemore_b_x2_fixedsmoke4.csv,43.99228,43.99228,43.99228,0.0,,closed
public_weight_blocked,seemore_l_x2_gdrive_corrupt_checkpoint,,seemore,l_x2,external_models/SeemoRe/checkpoints_download/checkpoints/SeemoRe_L_X2/net_g_latest.pth,logs/download_seemore_l_x2_retry_20260512.log,0.0,0.0,0.0,0.0,,closed_corrupt_checkpoint
public_weight_eval,mair_t_x2_fixedsmoke4_lpips,,mair,t_light_x2,external_models/MaIR/ckpt_download/MaIR_T_lightSR_x2.pth,experiments/router_metrics_20260512/mair_t_x2_fixedsmoke4.csv,43.85979,43.85979,43.85979,0.0,,closed
public_weight_eval,mair_s_x2_fixedsmoke4_lpips,,mair,s_light_x2,external_models/MaIR/ckpt_download/MaIR_S_lightSR_x2.pth,experiments/router_metrics_20260512/mair_s_x2_fixedsmoke4.csv,44.01455,44.01455,44.01455,0.0,,closed
public_weight_eval,mair_sr_x2_fixedsmoke4_lpips,,mair,sr_x2,external_models/MaIR/ckpt_download/MaIR_SR_x2.pth,experiments/router_metrics_20260512/mair_sr_x2_fixedsmoke4.csv,44.39910,44.39910,44.39910,0.0,,closed
public_weight_blocked,rptsr_no_public_x2_checkpoint,,rptsr,official,external_models/RPT-SR,external_models/RPT-SR/README.md,0.0,0.0,0.0,0.0,,closed_no_public_x2_weights
public_weight_blocked,thermal_super_resolution_no_x2_or_visible_required,,diffusion,thermal_sr,external_models/ThermalSuperResolution,external_models/ThermalSuperResolution/README.md,0.0,0.0,0.0,0.0,,closed_no_x2_checkpoint_or_visible_reference
public_weight_eval,phips_2xlexicarrdbnet_fixedsmoke4_lpips,,rrdbnet,lexica,external_models/HF_weights/Phips_2x_scan_20260512/2xLexicaRRDBNet/2xLexicaRRDBNet.safetensors,experiments/router_metrics_20260512/phips_2xlexicarrdbnet__fixedsmoke4.csv,41.88332,41.88332,41.88332,0.0,,closed
public_weight_eval,phips_2xhfa2k_compact_multijpg_fixedsmoke4_lpips,,compact,hfa2k_multijpg,external_models/HF_weights/Phips_2x_scan_20260512/2xHFA2k_compact_multijpg/2xHFA2k_compact_multijpg.safetensors,experiments/router_metrics_20260512/phips_2xhfa2k_compact_multijpg__fixedsmoke4.csv,40.25809,40.25809,40.25809,0.0,,closed
public_weight_eval,phips_2xnomosuni_compact_multijpg_fixedsmoke4_lpips,,compact,nomosuni_multijpg,external_models/HF_weights/Phips_2x_scan_20260512/2xNomosUni_compact_multijpg/2xNomosUni_compact_multijpg.safetensors,experiments/router_metrics_20260512/phips_2xnomosuni_compact_multijpg__fixedsmoke4.csv,39.85607,39.85607,39.85607,0.0,,closed
public_weight_eval,phips_2xhfa2k_ludvae_compact_fixedsmoke4_lpips,,compact,hfa2k_ludvae,external_models/HF_weights/Phips_2x_scan_20260512/2xHFA2k_LUDVAE_compact/2xHFA2k_LUDVAE_compact.safetensors,experiments/router_metrics_20260512/phips_2xhfa2k_ludvae_compact__fixedsmoke4.csv,39.09841,39.09841,39.09841,0.0,,closed
public_weight_eval,phips_2xlexicarrdbnet_sharp_fixedsmoke4_lpips,,rrdbnet,lexica_sharp,external_models/HF_weights/Phips_2x_scan_20260512/2xLexicaRRDBNet_Sharp/2xLexicaRRDBNet_Sharp.safetensors,experiments/router_metrics_20260512/phips_2xlexicarrdbnet_sharp__fixedsmoke4.csv,38.57799,38.57799,38.57799,0.0,,closed
public_weight_eval,phips_2xhfa2komnisr_fixedsmoke4_lpips,,omnisr,hfa2k,external_models/HF_weights/Phips_2x_scan_20260512/2xHFA2kOmniSR/2xHFA2kOmniSR.safetensors,experiments/router_metrics_20260512/phips_2xhfa2komnisr__fixedsmoke4.csv,37.83014,37.83014,37.83014,0.0,,closed
public_weight_eval,phips_2xhfa2kswinir_s_fixedsmoke4_lpips,,swinir,hfa2k_s,external_models/HF_weights/Phips_2x_scan_20260512/2xHFA2kSwinIR-S/2xHFA2kSwinIR-S.safetensors,experiments/router_metrics_20260512/phips_2xhfa2kswinir_s__fixedsmoke4.csv,37.13734,37.13734,37.13734,0.0,,closed
public_weight_eval,phips_2xnomosuni_compact_otf_medium_fixedsmoke4_lpips,,compact,nomosuni_otf_medium,external_models/HF_weights/Phips_2x_scan_20260512/2xNomosUni_compact_otf_medium/2xNomosUni_compact_otf_medium.safetensors,experiments/router_metrics_20260512/phips_2xnomosuni_compact_otf_medium__fixedsmoke4.csv,36.87445,36.87445,36.87445,0.0,,closed
public_weight_eval,phips_2xhfa2kcompact_fixedsmoke4_lpips,,compact,hfa2k,external_models/HF_weights/Phips_2x_scan_20260512/2xHFA2kCompact/2xHFA2kCompact.safetensors,experiments/router_metrics_20260512/phips_2xhfa2kcompact__fixedsmoke4.csv,36.51867,36.51867,36.51867,0.0,,closed
public_weight_eval,phips_2xhfa2kshallowesrgan_fixedsmoke4_lpips,,esrgan,hfa2k_shallow,external_models/HF_weights/Phips_2x_scan_20260512/2xHFA2kShallowESRGAN/2xHFA2kShallowESRGAN.safetensors,experiments/router_metrics_20260512/phips_2xhfa2kshallowesrgan__fixedsmoke4.csv,36.25125,36.25125,36.25125,0.0,,closed
public_weight_eval,phips_2xnomosuni_span_multijpg_fixedsmoke4_lpips,,span,nomosuni_multijpg,external_models/HF_weights/Phips_2x_scan_20260512/2xNomosUni_span_multijpg/2xNomosUni_span_multijpg.safetensors,experiments/router_metrics_20260512/phips_2xnomosuni_span_multijpg__fixedsmoke4.csv,36.21017,36.21017,36.21017,0.0,,closed
public_weight_eval,phips_2xhfa2k_ludvae_span_fixedsmoke4_lpips,,span,hfa2k_ludvae,external_models/HF_weights/Phips_2x_scan_20260512/2xHFA2k_LUDVAE_SPAN/2xHFA2k_LUDVAE_SPAN.safetensors,experiments/router_metrics_20260512/phips_2xhfa2k_ludvae_span__fixedsmoke4.csv,35.85857,35.85857,35.85857,0.0,,closed
public_weight_eval,phips_2xhfa2kreal_cugan_fixedsmoke4_lpips,,cugan,hfa2k_real,external_models/HF_weights/Phips_2x_scan_20260512/2xHFA2kReal-CUGAN/2xHFA2kReal-CUGAN.safetensors,experiments/router_metrics_20260512/phips_2xhfa2kreal_cugan__fixedsmoke4.csv,34.35128,34.35128,34.35128,0.0,,closed
public_weight_eval,phips_2xevangelion_compact_fixedsmoke4_lpips,,compact,evangelion,external_models/HF_weights/Phips_2x_scan_20260512/2xEvangelion_compact/2xEvangelion_compact.safetensors,experiments/router_metrics_20260512/phips_2xevangelion_compact__fixedsmoke4.csv,34.11732,34.11732,34.11732,0.0,,closed
public_weight_eval,phips_2xhfa2kspan_fixedsmoke4_lpips,,span,hfa2k,external_models/HF_weights/Phips_2x_scan_20260512/2xHFA2kSPAN/2xHFA2kSPAN.safetensors,experiments/router_metrics_20260512/phips_2xhfa2kspan__fixedsmoke4.csv,32.76584,32.76584,32.76584,0.0,,closed
public_weight_eval,phips_2xevangelion_dat2_fixedsmoke4_lpips,,dat2,evangelion,external_models/HF_weights/Phips_2x_scan_20260512/2xEvangelion_dat2/2xEvangelion_dat2.safetensors,experiments/router_metrics_20260512/phips_2xevangelion_dat2__fixedsmoke4.csv,30.18735,30.18735,30.18735,0.0,,closed
public_weight_eval,phips_2xevangelion_omnisr_fixedsmoke4_lpips,,omnisr,evangelion,external_models/HF_weights/Phips_2x_scan_20260512/2xEvangelion_omnisr/2xEvangelion_omnisr.safetensors,experiments/router_metrics_20260512/phips_2xevangelion_omnisr__fixedsmoke4.csv,28.35953,28.35953,28.35953,0.0,,closed
public_weight_eval,atd_v2_srx2_finetune_fixedsmoke4_lpips,,atd,v2_base_srx2,external_models/ATD/experiments/pretrained_models/v2/SR/001_ATD_SRx2_finetune.pth,experiments/router_metrics_20260512/atd_v2_srx2_finetune_fixedsmoke4.csv,44.70669,44.70669,44.70669,0.0,,closed
public_weight_eval,atd_v2_light_srx2_fixedsmoke4_lpips,,atd,v2_light_srx2,external_models/ATD/experiments/pretrained_models/v2/SR/101_ATD_light_SRx2_scratch.pth,experiments/router_metrics_20260512/atd_v2_light_srx2_fixedsmoke4.csv,44.06551,44.06551,44.06551,0.0,,closed
public_weight_blocked,atd_v1_srx2_current_code_mismatch,,atd,v1_base_srx2,external_models/ATD/experiments/pretrained_models/v1/SR/001_ATD_SRx2_finetune.pth,logs/eval_atd_v1_srx2_finetune_fixedsmoke4_20260512.log,0.0,0.0,0.0,0.0,,closed_code_weight_mismatch
ensemble_eval,hat_tta_atd_v2_fixedsmoke4_lpips,,hat_plus_atd,nativeio_hat_tta_atd_v2,external_models/ATD/experiments/pretrained_models/v2/SR/001_ATD_SRx2_finetune.pth,experiments/hat_tta_atd_v2_fixedsmoke4_20260512.csv,45.50786,45.50786,45.50786,0.0,,closed_below_hat_hat_mambair
public_weight_eval,openmodeldb_2x_esrgan_smoke4_lpips,,esrgan,pretrained,external_models/OpenModelDB_weights/cold_20260512_more/2x-ESRGAN.pth,experiments/router_metrics_20260512/openmodeldb_2x_esrgan__smoke4.csv,39.42583,39.42583,39.42583,0.0,,closed
public_weight_eval,openmodeldb_2xlexicaswinir_smoke4_lpips,,swinir,lexica,external_models/OpenModelDB_weights/cold_20260512_more/2xLexicaSwinIR.pth,experiments/router_metrics_20260512/openmodeldb_2xlexicaswinir__smoke4.csv,42.39638,42.39638,42.39638,0.0,,closed
public_weight_eval,openmodeldb_2x_realplksr_mssim_pretrain_smoke4_lpips,,realplksr,mssim_pretrain,external_models/OpenModelDB_weights/cold_20260512_more/2x_realplksr_mssim_pretrain.pth,experiments/router_metrics_20260512/openmodeldb_2x_realplksr_mssim_pretrain__smoke4.csv,41.44015,41.44015,41.44015,0.0,,closed
public_weight_blocked,openmodeldb_2x_psnr_gdrive_inaccessible,,esrgan,2x_psnr_pretrained,external_models/OpenModelDB_weights/cold_20260512_more/2x_PSNR_pretrained.pth,logs/download_2x_psnr_pretrained_20260512.log,0.0,0.0,0.0,0.0,,closed_gdrive_inaccessible
public_weight_eval,drct_base_x4_to_x2_area_fixedsmoke4_lpips,,drct,base_x4_to_x2,external_models/HF_weights/aaronespasa_drct_super_resolution/DRCT_BASE_x4.pth,experiments/router_metrics_20260512/drct_base_x4_to_x2_area_fixedsmoke4.csv,37.25453,37.25453,37.25453,0.0,,closed
ensemble_eval,hat_hat_mambairv2_atd4_fixedsmoke4_lpips,,hat_hat_mambair_atd,current_prev_mambair_large_atd_v2,external_models/ATD/experiments/pretrained_models/v2/SR/001_ATD_SRx2_finetune.pth,experiments/hat_hat_mambairv2_atd4_fixedsmoke4_20260512.csv,45.51567,45.51734,45.51734,0.00167,,promoted_smoke16
ensemble_eval,hat_hat_mambairv2_atd4_smoke16_lpips,,hat_hat_mambair_atd,current_prev_mambair_large_atd_v2,external_models/ATD/experiments/pretrained_models/v2/SR/001_ATD_SRx2_finetune.pth,experiments/hat_hat_mambairv2_atd4_smoke16_20260512.csv,43.63770,43.63994,43.63994,0.00224,,promoted_probe40
ensemble_eval,hat_hat_mambairv2_atd4_probe40_lpips,,hat_hat_mambair_atd,current_prev_mambair_large_atd_v2,external_models/ATD/experiments/pretrained_models/v2/SR/001_ATD_SRx2_finetune.pth,experiments/hat_hat_mambairv2_atd4_probe40_20260512.csv,43.20718,43.20996,43.20996,0.00279,,closed_too_small_no_full120
legal_router,hat_hat_mambairv2_atd4_probe40_k3_lrcluster_proxy,,hat_hat_mambair_atd_router,k3_probe40_lrcluster,experiments/lr_clusters_probe40_initialtest_k3_from_full120.csv,experiments/router_analysis_k3_20260512_atd4_probe40_proxy,43.20911,43.21091,43.21282,0.00180,,closed_too_small_no_full120
public_weight_eval,ntire2026_ir_team02_suatsr_x4_to_x2_area_fixedsmoke4_lpips,,ntire2026_ir,team02_suatsr_x4_to_x2,external_models/NTIRE2026_infraredSR/downloaded_weights/team02_SUATSR/team02_SUATSR.pth,experiments/router_metrics_20260512/ntire2026_ir_x4_to_x2_team02_smoke4.csv,40.07050,40.07050,40.07050,0.0,,closed
public_weight_eval,ntire2026_ir_team05_hit_zzy_x4_to_x2_area_fixedsmoke4_lpips,,ntire2026_ir,team05_hit_zzy_x4_to_x2,external_models/NTIRE2026_infraredSR/downloaded_weights/team05_hit_zzy/team05_hit_zzy.pth,experiments/router_metrics_20260512/ntire2026_ir_x4_to_x2_team05_smoke4.csv,39.96722,39.96722,39.96722,0.0,,closed
public_weight_eval,ntire2026_ir_team06_kletech_fremamba_x4_to_x2_area_fixedsmoke4_lpips,,ntire2026_ir,team06_fremamba_x4_to_x2,external_models/NTIRE2026_infraredSR/downloaded_weights/team06_KLETech-CEVI/team06_KLETech-CEVI.pth,experiments/router_metrics_20260512/ntire2026_ir_x4_to_x2_team06_smoke4.csv,40.07997,40.07997,40.07997,0.0,,closed
public_weight_eval,ntire2026_ir_team07_ntr_x4_to_x2_area_fixedsmoke4_lpips,,ntire2026_ir,team07_ntr_x4_to_x2,external_models/NTIRE2026_infraredSR/downloaded_weights/team07_NTR/team07_NTR.pth,experiments/router_metrics_20260512/ntire2026_ir_x4_to_x2_team07_smoke4.csv,40.01457,40.01457,40.01457,0.0,,closed
public_weight_blocked,ntire2026_ir_team08_earth4d_zip_contains_png_outputs_only,,ntire2026_ir,team08_earth4d_png_only,external_models/NTIRE2026_infraredSR/downloaded_weights/team08_Earth4D/team08_Earth4D.zip,logs/download_ntire2026_ir_remaining_teams_retry_20260512.log,0.0,0.0,0.0,0.0,,closed_no_model_weight
public_weight_eval,ntire2026_ir_team11_whu_vip_x4_to_x2_area_fixedsmoke4_lpips,,ntire2026_ir,team11_whu_vip_x4_to_x2,external_models/NTIRE2026_infraredSR/downloaded_weights/team11_WHU-VIP/team11_WHU-VIP.pth,experiments/router_metrics_20260512/ntire2026_ir_x4_to_x2_team11_smoke4.csv,40.14134,40.14134,40.14134,0.0,,closed
public_weight_eval,ntire2026_ir_team12_davinci_net_g_295000_x4_to_x2_area_fixedsmoke4_lpips,,ntire2026_ir,team12_davinci_net_g_295000_x4_to_x2,external_models/NTIRE2026_infraredSR/downloaded_weights/team12_davinci/extracted/team12_davinci/net_g_295000.pth,experiments/router_metrics_20260512/ntire2026_ir_x4_to_x2_team12_net_g_295000_smoke4.csv,40.15087,40.15087,40.15087,0.0,,closed
public_weight_eval,ntire2026_ir_team12_davinci_net_g_30000_x4_to_x2_area_fixedsmoke4_lpips,,ntire2026_ir,team12_davinci_net_g_30000_x4_to_x2,external_models/NTIRE2026_infraredSR/downloaded_weights/team12_davinci/extracted/team12_davinci/net_g_30000.pth,experiments/router_metrics_20260512/ntire2026_ir_x4_to_x2_team12_net_g_30000_smoke4.csv,40.15668,40.15668,40.15668,0.0,,closed
public_weight_eval,ntire2026_ir_team12_davinci_net_g_45000_x4_to_x2_area_fixedsmoke4_lpips,,ntire2026_ir,team12_davinci_net_g_45000_x4_to_x2,external_models/NTIRE2026_infraredSR/downloaded_weights/team12_davinci/extracted/team12_davinci/net_g_45000.pth,experiments/router_metrics_20260512/ntire2026_ir_x4_to_x2_team12_net_g_45000_smoke4.csv,40.15971,40.15971,40.15971,0.0,,closed
public_weight_eval,ntire2026_ir_team14_irsrmamba_net_g_15000_x4_to_x2_area_fixedsmoke4_lpips,,ntire2026_ir,team14_irsrmamba_net_g_15000_x4_to_x2,external_models/NTIRE2026_infraredSR/downloaded_weights/team14_NUDT_DeepIter/extracted/14_mix/net_g_15000.pth,experiments/router_metrics_20260512/ntire2026_ir_x4_to_x2_team14_net_g_15000_smoke4.csv,40.13211,40.13211,40.13211,0.0,,closed
public_weight_eval,ntire2026_ir_team14_irsrmamba_net_g_45000_x4_to_x2_area_fixedsmoke4_lpips,,ntire2026_ir,team14_irsrmamba_net_g_45000_x4_to_x2,external_models/NTIRE2026_infraredSR/downloaded_weights/team14_NUDT_DeepIter/extracted/14_mix/net_g_45000.pth,experiments/router_metrics_20260512/ntire2026_ir_x4_to_x2_team14_net_g_45000_smoke4.csv,39.26488,39.26488,39.26488,0.0,,closed
public_weight_eval,ntire2026_ir_team15_caswit_x8_to_x2_area_fixedsmoke4_lpips,,ntire2026_ir,team15_caswit_best_x8_to_x2,external_models/NTIRE2026_infraredSR/downloaded_weights/team15_CASWiT_SR_IR/extracted/team15_CASWiT_SR_IR/best.pt,experiments/router_metrics_20260512/ntire2026_ir_x8_to_x2_team15_best_smoke4.csv,39.99199,39.99199,39.99199,0.0,,closed
public_weight_eval,mambairv2l_dflip_x2_fixedsmoke4_lpips,,mambairv2,dflip_large_x2,external_models/HF_weights/dslisleedh__MambaIRV2L_DFLIP_X2/MambaIRV2L_DFLIP_X2.pth,experiments/router_metrics_20260512/mambairv2l_dflip_x2_fixedsmoke4.csv,44.97740,44.97740,44.97740,0.0,,promoted_ensemble
public_weight_eval,pft_dflip_x2_fixedsmoke4_lpips,,pft,dflip_x2,external_models/HF_weights/dslisleedh__PFT_DFLIP_X2/PFT_DFLIP_X2.pth,experiments/router_metrics_20260512/pft_dflip_x2_fixedsmoke4.csv,44.70417,44.70417,44.70417,0.0,,closed_below_stage_a
public_weight_eval,hit_srf_df2k_x2_fixedsmoke4_lpips,,hit_srf,df2k_x2,external_models/HF_weights/XiangZ__hit-srf-2x-df2k/model.safetensors,experiments/router_metrics_20260512/hit_srf_df2k_x2_fixedsmoke4.csv,44.28415,44.28415,44.28415,0.0,,closed_below_stage_a
ensemble_eval,hat_hat_mambairv2l_dflip_smoke4_lpips,,hat_hat_mambair_dflip,current_prev_dflip_large,external_models/HF_weights/dslisleedh__MambaIRV2L_DFLIP_X2/MambaIRV2L_DFLIP_X2.pth,experiments/hat_hat_mambairv2l_dflip_smoke4_20260512.csv,45.51597,45.52320,45.52320,0.00723,,promoted_smoke16
ensemble_eval,hat_hat_mambairv2l_dflip_smoke16_lpips,,hat_hat_mambair_dflip,current_prev_dflip_large,external_models/HF_weights/dslisleedh__MambaIRV2L_DFLIP_X2/MambaIRV2L_DFLIP_X2.pth,experiments/hat_hat_mambairv2l_dflip_smoke16_unique_20260512.csv,43.63994,43.64407,43.64407,0.00413,,promoted_probe40
ensemble_eval,hat_hat_mambairv2l_dflip_probe40_lpips,,hat_hat_mambair_dflip,current_prev_dflip_large,external_models/HF_weights/dslisleedh__MambaIRV2L_DFLIP_X2/MambaIRV2L_DFLIP_X2.pth,experiments/hat_hat_mambairv2l_dflip_probe40_post_20260512.csv,43.20996,43.22218,43.22218,0.01222,,promoted_full120
ensemble_eval,hat_hat_mambairv2l_dflip_full120_lpips,,hat_hat_mambair_dflip,current_prev_dflip_large,external_models/HF_weights/dslisleedh__MambaIRV2L_DFLIP_X2/MambaIRV2L_DFLIP_X2.pth,experiments/hat_hat_mambairv2l_dflip_full120_20260512.csv,41.73174,41.73975,41.73975,0.00801,,new_proxy_best_but_ridge_not_submit_no_zip
platform_rank,hat_hat_mambairv2l_dflip_full120_ridge_20260512,,platform_fit,ridge_after_65p6887,experiments/hat_hat_mambairv2l_dflip_full120_20260512.csv,logs/rank_platform_candidates_after_dflip_full120_20260512.log,65.70030,65.70340,65.70340,0.00310,,small_ridge_gain_no_66_signal
public_weight_eval,sst_xlplus_dflip_x2_fixedsmoke4_lpips,,sst,xl_plus_dflip_x2,external_models/HF_weights/dslisleedh__SSTXLarge_Plus_DFLIP_X2/SSTXLarge_Plus_DFLIP_X2.pth,experiments/router_metrics_20260512/sstxlarge_plus_dflip_x2_avg_fixedsmoke4.csv,44.81200,44.81200,44.81200,0.0,,promoted_tta_ensemble
public_weight_eval,sst_xlplus_dflip_x2_tta_smoke4_lpips,,sst,xl_plus_dflip_x2_tta,external_models/HF_weights/dslisleedh__SSTXLarge_Plus_DFLIP_X2/SSTXLarge_Plus_DFLIP_X2.pth,experiments/router_metrics_20260512/sstxlarge_plus_dflip_x2_tta_smoke4.csv,44.81200,45.12944,45.12944,0.31744,,promoted_ensemble
ensemble_eval,hat_sstxlarge_dflip_probe40_lpips,,hat_sst,current_hat_sst_dflip,external_models/HF_weights/dslisleedh__SSTXLarge_Plus_DFLIP_X2/SSTXLarge_Plus_DFLIP_X2.pth,experiments/hat_sstxlarge_dflip_probe40_20260512.csv,43.22218,43.30559,43.30559,0.08341,,promoted_full120
ensemble_eval,hat_sstxlarge_dflip_full120_lpips,,hat_sst,current_hat_sst_dflip,external_models/HF_weights/dslisleedh__SSTXLarge_Plus_DFLIP_X2/SSTXLarge_Plus_DFLIP_X2.pth,experiments/hat_sstxlarge_dflip_full120_20260512.csv,41.73975,41.80085,41.80085,0.06110,,promoted_tta
ensemble_eval,hat_sstxlarge_dflip_tta_probe40_lpips,,hat_sst_tta,current_hat_sst_dflip_tta,external_models/HF_weights/dslisleedh__SSTXLarge_Plus_DFLIP_X2/SSTXLarge_Plus_DFLIP_X2.pth,experiments/hat_sstxlarge_dflip_tta_probe40_20260512.csv,43.30559,43.34629,43.34629,0.04070,,promoted_full120
ensemble_eval,hat_hat_sstxlarge_dflip_tta_full120_lpips,,hat_hat_sst_tta,current_prev_sst_dflip_tta,external_models/HF_weights/dslisleedh__SSTXLarge_Plus_DFLIP_X2/SSTXLarge_Plus_DFLIP_X2.pth,experiments/hat_hat_sstxlarge_dflip_tta_full120_finepost_20260512.csv,41.80085,41.84131,41.84131,0.04046,,new_proxy_best_no_zip
platform_rank,hat_hat_sstxlarge_dflip_tta_full120_ridge_20260512,,platform_fit,ridge_after_sst_tta,experiments/hat_hat_sstxlarge_dflip_tta_full120_grid025_20260512.csv,logs/rank_platform_candidates_after_grid025_20260512.log,65.80780,65.86520,65.86520,0.05740,,close_but_no_66_signal_no_zip
public_weight_eval,sst_df2k_family_smoke4_best_lpips,,sst,df2k_family_x2,external_models/HF_weights/dslisleedh__SSTLarge_Plus_DF2K_X2/SSTLarge_Plus_DF2K_X2.pth,experiments/router_metrics_20260512/sstlarge_plus_df2k_x2_fixedsmoke4.csv,44.45280,44.71285,44.71285,0.26005,,closed_below_dflip
public_weight_eval,sst_x3_x4_to_x2_smoke4_best_lpips,,sst,x3_x4_to_x2,external_models/HF_weights/dslisleedh__SSTXLarge_Plus_DFLIP_X4/SSTXLarge_Plus_DFLIP_X4.pth,experiments/router_metrics_20260512/sstxlarge_plus_dflip_x4_to_x2_area_smoke4.csv,42.62456,44.47401,44.47401,1.84945,,closed_below_stage_a
public_weight_eval,pft_dflip_x2_tta_smoke4_lpips,,pft,dflip_x2_tta,external_models/HF_weights/dslisleedh__PFT_DFLIP_X2/PFT_DFLIP_X2.pth,experiments/router_metrics_20260512/pft_dflip_x2_tta_smoke4.csv,44.70417,44.85007,44.85007,0.14590,,closed_below_sst
ensemble_eval,hat_hat_ssttta_sstraw_full120_lpips,,hat_hat_sst_tta_sstraw,current_prev_ssttta_sstraw,experiments/pred_cache_20260512/hat_sstxlarge_dflip_tta_smoke4,experiments/hat_hat_ssttta_sstraw_full120_20260512.csv,41.84124,41.84127,41.84127,0.00003,,closed_sstraw_weight_zero
ensemble_eval,hat_hat_ssttta_top_post_full120_lpips,,hat_hat_sst_tta,current_prev_ssttta_post,experiments/pred_cache_20260512/hat_sstxlarge_dflip_tta_smoke4,experiments/hat_hat_ssttta_top_post_full120_20260512.csv,41.84131,41.84153,41.84153,0.00022,,proxy_best_but_ridge_no_submit
platform_rank,hat_hat_ssttta_top_post_ridge_20260512,,platform_fit,ridge_after_sst_top_post,experiments/hat_hat_ssttta_top_post_full120_20260512.csv,logs/rank_platform_candidates_after_ssttta_top_post_20260512.log,65.86520,65.86530,65.86530,0.00010,,no_66_signal_no_zip
ensemble_eval,hat_sstlarge_plus_dflip_tta_smoke4_lpips,,hat_sst_tta,current_hat_sstlarge_plus_dflip_tta,external_models/HF_weights/dslisleedh__SSTLarge_Plus_DFLIP_X2/SSTLarge_Plus_DFLIP_X2.pth,experiments/hat_sstlarge_plus_dflip_tta_smoke4_20260512.csv,45.53995,45.51180,45.51180,-0.02815,,closed_below_xl
ensemble_eval,hat_hat_sstxl_sstlargeplus_tta_smoke4_lpips,,hat_hat_sst_tta,current_prev_sstxl_sstlargeplus,external_models/HF_weights/dslisleedh__SSTLarge_Plus_DFLIP_X2/SSTLarge_Plus_DFLIP_X2.pth,experiments/hat_hat_sstxl_sstlargeplus_tta_smoke4_20260512.csv,45.53995,45.54025,45.54025,0.00030,,closed_largeplus_weight_zero
ensemble_eval,hat_hat_ssttta_highprev_full120_lpips,,hat_hat_sst_tta,current_prev_ssttta_highprev,experiments/pred_cache_20260512/hat_sstxlarge_dflip_tta_smoke4,experiments/hat_hat_ssttta_highprev_full120_20260512.csv,41.84127,41.84127,41.84127,0.0,,closed_no_gain
public_weight_eval,sstlight_dflip_x2_fixedsmoke4_lpips,,sst,light_dflip_x2,external_models/HF_weights/dslisleedh__SSTlight_DFLIP_X2/SSTlight_DFLIP_X2.pth,experiments/router_metrics_20260512/sstlight_dflip_x2_fixedsmoke4.csv,44.32178,44.32178,44.32178,0.0,,closed_below_stage_a
public_weight_eval,sstlight_plus_dflip_x2_fixedsmoke4_lpips,,sst,light_plus_dflip_x2,external_models/HF_weights/dslisleedh__SSTlight_Plus_DFLIP_X2/SSTlight_Plus_DFLIP_X2.pth,experiments/router_metrics_20260512/sstlight_plus_dflip_x2_fixedsmoke4.csv,44.41257,44.41257,44.41257,0.0,,closed_below_stage_a
public_weight_blocked,real_iisr_2026_checkpoint_x4_heavy_mismatch,,real_iisr,autoregressive_realworld_x4,external_models/Real-IISR/checkpoints/Real-IISR.pth,external_models/Real-IISR/README.md,0.0,0.0,0.0,0.0,,closed_x4_heavy_mismatch
ensemble_eval,hat_hat_mambairv2l_dflip_tta_smoke4_lpips,,hat_hat_mambair_dflip,current_prev_dflip_large_tta,external_models/HF_weights/dslisleedh__MambaIRV2L_DFLIP_X2/MambaIRV2L_DFLIP_X2.pth,experiments/hat_hat_mambairv2l_dflip_tta_smoke4_20260512.csv,45.52320,45.52312,45.52312,-0.00008,,closed_below_dflip_notta
public_weight_eval,sst_xlplus_dflip_generic_evalonly_smoke4_lpips,,sst,xl_plus,external_models/HF_weights/dslisleedh__SSTXLarge_Plus_DFLIP_X2/SSTXLarge_Plus_DFLIP_X2.pth,checkpoints_sst_xlplus_dflip_evalonly_smoke4_20260512,44.81200104219407,44.81200104219407,44.81200104219407,0.0,,archived
train_probe,sst_xlplus_dflip_smoke16_limit128_p96_lr5e7,,sst,xl_plus,external_models/HF_weights/dslisleedh__SSTXLarge_Plus_DFLIP_X2/SSTXLarge_Plus_DFLIP_X2.pth,checkpoints_sst_xlplus_dflip_smoke16_limit128_p96_lr5e7_20260512,43.31549190072904,43.33276791100962,43.33276791100962,0.01727601028057535,0.015248217094040228,
train_probe,sst_xlplus_dflip_probe40clean_limit128_p96_lr5e7,,sst,xl_plus,external_models/HF_weights/dslisleedh__SSTXLarge_Plus_DFLIP_X2/SSTXLarge_Plus_DFLIP_X2.pth,checkpoints_sst_xlplus_dflip_probe40clean_limit128_p96_lr5e7_20260512,42.9366971156543,42.95056537096748,42.95056537096748,0.013868255313184363,0.015734663635726065,
train_probe,sst_xlplus_dflip_full120clean_limit128_p96_lr5e7,,sst,xl_plus,external_models/HF_weights/dslisleedh__SSTXLarge_Plus_DFLIP_X2/SSTXLarge_Plus_DFLIP_X2.pth,checkpoints_sst_xlplus_dflip_full120clean_limit128_p96_lr5e7_20260512,41.46293456284912,41.47268703210108,41.47268703210108,0.009752469251957052,0.016287887068017426,
train_probe,sst_xlplus_dflip_full120clean_limit512_p96_lr5e7,,sst,xl_plus,external_models/HF_weights/dslisleedh__SSTXLarge_Plus_DFLIP_X2/SSTXLarge_Plus_DFLIP_X2.pth,checkpoints_sst_xlplus_dflip_full120clean_limit512_p96_lr5e7_20260512,,41.346083294819444,41.346083294819444,,0.015311024184541111,closed
ensemble_eval,hat_sstxlarge_dflip_full120clean_ft128_tta_full120_lpips,,hat_sst_tta,current_hat_sst_ft128,experiments/pred_cache_20260512/sstxlarge_dflip_full120clean_ft128_tta,experiments/hat_sstxlarge_dflip_full120clean_ft128_tta_full120_20260512.csv,41.83950,41.84090,41.84090,0.00140,,archived_small_gain_no_zip
ensemble_eval,hat_hat_sstxlarge_dflip_full120clean_ft128_tta_full120_lpips,,hat_hat_sst_tta,current_prev_sst_ft128,experiments/pred_cache_20260512/sstxlarge_dflip_full120clean_ft128_tta,experiments/hat_hat_sstxlarge_dflip_full120clean_ft128_tta_full120_post_20260512.csv,41.84153,41.84238,41.84238,0.00085,,proxy_small_gain_ridge_worse_no_zip
platform_rank,hat_hat_sstxlarge_dflip_full120clean_ft128_tta_ridge_20260512,,platform_fit,ridge_after_sst_ft128,experiments/hat_hat_sstxlarge_dflip_full120clean_ft128_tta_full120_post_20260512.csv,logs/rank_platform_candidates_after_sst_ft128_full120_20260512.log,65.86530,65.85550,65.85550,-0.00980,,closed_ridge_worse_no_zip
platform_submission,hat_hat_ssttta_275225500_raw_online_20260513,,platform,online_submission,submission/fqy_hat_hat_ssttta_275225500_raw.zip,experiments/submission_log.csv,65.6887,65.9109,65.9109,0.2222,,new_legal_online_best
